Rank,Player,POS,Team,AVG,Expert,Sleeper,ESPN,Yahoo,Underdog,CBS,FFPC
1,Jahmyr Gibbs,RB1,DET,1.0,1,1,1,1,1,1,1
2,Bijan Robinson,RB2,ATL,2.0,2,2,2,2,2,2,2
3,Ja'Marr Chase,WR1,CIN,3.0,3,3,3,3,3,3,3
4,Puka Nacua,WR2,LAR,4.0,4,4,4,4,4,4,4
6,Jaxon Smith-Njigba,WR3,SEA,5.8,6,6,5,7,5,6,6
6,Christian McCaffrey,RB3,SF,6.0,6,5,6,5,6,7,7
7,Amon-Ra St. Brown,WR4,DET,7.5,7,8,8,6,7,8,8
10,Jonathan Taylor,RB4,IND,7.3,10,7,7,8,8,5,9
10,CeeDee Lamb,WR5,DAL,10.5,10,9,9,9,9,14,13
10,Justin Jefferson,WR6,MIN,12.0,10,11,11,11,11,16,12
11,James Cook,RB5,BUF,10.5,11,10,12,10,10,10,11
12,Ashton Jeanty,RB6,LV,12.5,12,14,15,13,12,11,10
12,Chase Brown,RB9,CIN,15.8,12,17,20,15,15,12,16
14,Devon Achane,RB7,MIA,14.3,14,12,10,18,18,9,19
14,Omarion Hampton,RB10,LAC,17.3,14,16,23,16,16,18,15
16,Saquon Barkley,RB8,PHI,14.3,16,13,18,12,13,13,17
16,Kenneth Walker,RB11,KC,18.0,16,20,21,14,14,21,18
19,Drake London,WR7,ATL,17.5,19,15,14,17,21,17,21
20,Brock Bowers,TE1,LV,19.8,20,21,24,21,20,28,5
21,Derrick Henry,RB12,BAL,19.2,21,22,19,19,17,15,23
22,A.J. Brown,WR8,NE,21.7,22,18,27,23,19,23,20
23,Nico Collins,WR9,HOU,23.7,23,26,25,20,22,25,24
23,Malik Nabers,WR13,NYG,30.0,23,27,32,31,24,33,33
24,Jeremiyah Love,RB13,ARI,24.5,24,25,13,27,26,30,26
25,Rashee Rice,WR11,KC,24.7,25,28,16,34,25,20,25
26,George Pickens,WR10,DAL,24.3,26,23,29,22,23,22,27
29,Trey McBride,TE2,ARI,21.8,29,19,17,25,29,27,14
29,Breece Hall,RB14,NYJ,29.2,29,32,22,33,28,31,29
30,DeVonta Smith,WR14,PHI,31.5,30,38,35,24,27,35,30
31,Chris Olave,WR12,NO,29.2,31,29,28,29,32,29,28
32,Kyren Williams,RB15,LAR,31.8,32,31,37,30,33,26,34
33,Javonte Williams,RB17,DAL,35.5,33,37,31,37,36,34,38
34,Zay Flowers,WR15,BAL,35.3,34,44,34,32,30,37,35
34,Tee Higgins,WR17,CIN,37.2,34,34,46,28,35,38,42
35,Josh Allen,QB1,BUF,29.7,35,24,36,26,37,19,36
37,Josh Jacobs,RB16,GB,33.0,37,30,30,36,41,24,37
37,Emeka Egbuka,WR16,TB,36.5,37,40,42,38,31,36,32
37,Jaylen Waddle,WR21,DEN,43.3,37,47,47,35,38,50,43
39,Ladd McConkey,WR20,LAC,40.3,39,39,44,42,34,44,39
40,Colston Loveland,TE3,CHI,40.0,40,41,49,39,44,45,22
41,Cam Skattebo,RB18,NYG,41.0,41,45,39,46,43,32,41
42,Garrett Wilson,WR18,NYJ,39.2,42,43,26,40,40,46,40
42,Tetairoa McMillan,WR19,CAR,39.3,42,35,33,41,39,43,45
45,Travis Etienne,RB19,NO,41.8,45,42,38,44,42,41,44
47,Bucky Irving,RB20,TB,47.2,47,36,41,59,54,40,53
47,Davante Adams,WR24,LAR,51.2,47,50,43,51,51,55,57
48,Bhayshul Tuten,RB24,JAX,54.3,48,60,59,54,50,53,50
50,David Montgomery,RB23,HOU,53.5,50,53,62,53,47,57,49
52,Terry McLaurin,WR22,WAS,48.0,52,56,45,45,46,49,47
52,Luther Burden,WR23,CHI,48.3,52,49,53,43,45,54,46
52,Quinshon Judkins,RB21,CLE,48.7,52,52,40,52,53,47,48
52,D'Andre Swift,RB22,CHI,51.0,52,58,60,47,48,42,51
52,Jameson Williams,WR25,DET,55.0,52,55,48,58,52,56,61
54,Lamar Jackson,QB2,BAL,50.3,54,33,56,48,57,39,69
54,TreVeyon Henderson,RB25,NE,57.7,54,51,61,65,56,58,55
54,Mike Evans,WR28,SF,59.7,54,59,76,55,49,63,56
57,Rome Odunze,WR27,CHI,59.3,57,65,52,57,59,64,59
57,Jadarian Price,RB26,SEA,63.8,57,69,63,66,62,60,63
57,Carnell Tate,WR30,TEN,64.5,57,62,51,68,61,80,65
59,Brian Thomas,WR33,JAX,72.8,59,71,81,70,65,79,71
60,Tyler Warren,TE4,IND,48.5,60,46,50,49,63,52,31
62,DJ Moore,WR26,BUF,55.8,62,57,54,56,55,61,52
63,Christian Watson,WR29,GB,63.2,63,70,78,50,58,69,54
64,Marvin Harrison,WR31,ARI,70.5,64,78,68,69,69,71,68
66,Drake Maye,QB3,NE,58.7,66,48,57,60,66,48,73
66,Jordyn Tyson,WR34,NO,75.3,66,73,70,76,64,97,72
67,Jayden Daniels,QB5,WAS,66.0,67,61,55,62,67,59,92
68,Joe Burrow,QB4,CIN,64.3,68,54,74,61,68,51,78
68,Jaylen Warren,RB28,PIT,75.8,68,74,96,73,70,75,67
72,Parker Washington,WR32,JAX,71.3,72,79,77,63,60,83,66
72,Caleb Williams,QB7,CHI,83.2,72,75,87,72,73,84,108
74,Jalen Hurts,QB6,PHI,70.7,74,63,58,64,71,66,102
76,Tucker Kraft,TE6,GB,75.0,76,66,103,71,77,73,60
77,Tony Pollard,RB27,TEN,75.5,77,87,64,77,76,74,75
77,Makai Lemon,WR43,PHI,98.7,77,82,114,102,78,115,101
81,Jonathon Brooks,RB34,CAR,98.0,81,129,107,90,84,108,70
82,Rhamondre Stevenson,RB29,NE,80.0,82,86,97,67,72,82,76
82,Quentin Johnston,WR40,LAC,95.0,82,105,125,85,74,95,86
83,Sam LaPorta,TE5,DET,72.5,83,64,73,75,92,67,64
83,Trevor Lawrence,QB10,JAX,91.3,83,96,82,82,85,93,110
85,Jordan Addison,WR44,MIN,101.5,85,103,92,96,91,116,111
86,DK Metcalf,WR35,PIT,77.2,86,72,69,81,75,86,80
86,Alec Pierce,WR36,IND,79.0,86,93,67,79,87,65,83
86,Michael Pittman,WR39,PIT,94.0,86,100,66,104,98,112,84
88,RJ Harvey,RB32,DEN,89.7,88,77,109,97,88,76,91
88,Chris Godwin,WR41,TB,95.3,88,95,129,87,90,92,79
89,Justin Herbert,QB9,LAC,86.8,89,84,94,74,82,81,106
90,J.K. Dobbins,RB33,DEN,94.2,90,89,108,86,96,90,96
91,Courtland Sutton,WR37,DEN,81.7,91,80,65,100,83,72,90
92,Rico Dowdle,RB31,PIT,85.3,92,88,98,89,86,70,81
92,Rachaad White,RB38,WAS,109.3,92,124,106,106,113,118,89
92,Stefon Diggs,WR49,WAS,115.7,92,117,128,101,102,130,116
93,Dak Prescott,QB8,DAL,84.7,93,85,83,83,80,62,115
93,Michael Wilson,WR38,ARI,92.3,93,83,80,91,94,106,100
94,Harold Fannin,TE8,CLE,76.5,94,67,72,80,101,77,62
94,Chuba Hubbard,RB30,CAR,84.7,94,76,100,78,89,78,87
94,Josh Downs,WR42,IND,95.8,94,111,90,88,81,110,95
95,Kyle Pitts,TE7,ATL,75.3,95,68,71,84,103,68,58
99,Blake Corum,RB35,LAR,101.0,99,101,122,93,93,109,88
99,Jordan Mason,RB41,MIN,114.5,99,120,138,107,106,113,103
100,Kyle Monangai,RB36,CHI,101.3,100,94,116,103,97,101,97
102,Jaxson Dart,QB11,NYG,94.0,102,81,75,95,99,87,127
102,Brock Purdy,QB12,SF,102.2,102,113,85,92,100,98,125
104,Wan'Dale Robinson,WR45,TEN,103.7,104,108,89,126,112,88,99
105,KC Concepcion,WR51,CLE,125.5,105,133,126,128,119,128,119
107,Jayden Reed,WR47,GB,105.0,107,114,113,98,79,121,105
107,Bo Nix,QB15,DEN,113.7,107,118,84,99,108,131,142
108,Patrick Mahomes,QB13,KC,107.0,108,106,95,111,95,103,132
108,Jacory Croskey-Merritt,RB39,WAS,110.0,108,112,121,105,110,105,107
108,Xavier Worthy,WR50,KC,119.2,108,136,115,120,104,123,117
109,Kenneth Gainwell,RB37,TB,101.7,109,109,99,108,109,100,85
110,George Kittle,TE9,SF,94.8,110,92,102,94,116,91,74
113,Matthew Stafford,QB14,LAR,107.2,113,102,86,112,107,96,140
115,Jared Goff,QB16,DET,126.0,115,126,136,115,111,117,151
116,Travis Kelce,TE10,KC,104.0,116,98,105,113,122,104,82
116,Jakobi Meyers,WR46,JAX,105.0,116,97,88,118,114,99,114
116,Matthew Golden,WR48,GB,113.5,116,132,79,114,105,138,113
116,Deebo Samuel,WR56,SF,134.5,116,139,127,141,128,127,145
116,Kyler Murray,QB17,MIN,136.0,116,157,134,110,115,144,156
118,Aaron Jones,RB40,MIN,114.5,118,115,101,122,126,111,112
121,Romeo Doubs,WR52,NE,126.3,121,122,130,125,118,137,126
121,Travis Hunter,WR58,JAX,147.6,121,166,91,158,144,,179
123,Jalen Coker,WR55,CAR,134.3,123,144,132,124,127,148,131
125,Jayden Higgins,WR54,HOU,128.7,125,134,131,123,121,140,123
127,Jake Ferguson,TE14,DAL,117.8,127,99,110,136,134,124,104
130,Chris Rodriguez,RB42,JAX,133.0,130,154,141,117,129,133,124
130,Baker Mayfield,QB18,TB,141.0,130,147,149,130,120,135,165
131,Isaiah Likely,TE11,NYG,108.2,131,116,118,119,125,94,77
133,Mark Andrews,TE15,BAL,118.2,133,123,111,121,130,126,98
134,Tyrone Tracy,RB44,NYG,138.2,134,156,155,133,138,125,122
134,Tyler Shough,QB19,NO,144.8,134,160,135,135,123,156,160
135,Dalton Kincaid,TE13,BUF,111.5,135,90,119,109,124,134,93
135,Khalil Shakir,WR53,BUF,128.2,135,135,93,144,131,132,134
138,Rashid Shaheed,WR57,SEA,142.8,138,158,144,134,133,147,141
139,Woody Marks,RB45,HOU,139.8,139,155,123,139,139,146,137
139,Jordan Love,QB20,GB,152.0,139,145,198,127,117,155,170
139,Denzel Boston,WR59,CLE,156.5,139,159,147,163,141,166,163
139,Jonah Coleman,RB53,DEN,165.0,139,161,212,149,155,177,136
140,Malik Willis,QB21,MIA,155.5,140,168,150,129,137,167,182
142,Keaton Mitchell,RB46,LAC,148.0,142,180,168,131,132,157,120
142,Omar Cooper Jr.,WR63,NYJ,166.7,142,171,162,176,150,169,172
143,Dallas Goedert,TE12,PHI,108.8,143,119,104,116,135,85,94
143,De'Zhaun Stribling,WR61,SF,160.2,143,179,151,132,136,205,158
146,Jalen McMillan,WR62,TB,161.2,146,196,145,145,152,172,157
149,Isiah Pacheco,RB49,DET,153.7,149,187,140,151,159,142,143
151,Tank Bigsby,RB51,PHI,159.3,151,197,143,138,153,186,139
152,Chig Okonkwo,TE20,WAS,155.2,152,167,216,142,142,,109
153,Tyler Allgeier,RB47,ARI,148.7,153,146,157,137,149,154,149
153,Brenton Strange,TE18,JAX,152.8,153,149,194,157,148,151,118
153,Oronde Gadsden,TE22,LAC,167.7,153,107,260,167,162,181,129
153,Tre Tucker,WR64,LV,172.8,153,217,153,178,157,163,169
157,C.J. Stroud,QB24,HOU,186.8,157,189,200,160,145,195,232
160,Sam Darnold,QB23,SEA,175.7,160,178,218,154,140,153,211
161,Hunter Henry,TE16,NE,144.0,161,121,120,164,151,173,135
161,Cam Ward,QB25,TEN,187.3,161,191,199,162,143,196,233
162,Daniel Jones,QB22,IND,169.8,162,210,137,150,146,160,216
163,Alvin Kamara,RB48,NO,149.2,163,162,139,143,164,141,146
164,Kenyon Sadiq,TE19,NYJ,154.0,164,137,117,181,171,185,133
164,Dylan Sampson,RB54,CLE,168.5,164,195,158,166,175,165,152
165,Zach Charbonnet,RB43,SEA,136.5,165,138,124,140,160,129,128
167,Tyjae Spears,RB50,TEN,155.2,167,175,166,146,156,150,138
167,T.J. Hockenson,TE21,MIN,163.5,167,163,112,195,168,199,144
167,Bryce Young,QB26,CAR,207.6,167,208,219,170,161,,280
168,Jalen Nailor,WR60,LV,158.3,168,181,161,148,147,152,161
169,Juwan Johnson,TE17,NO,152.0,169,164,160,155,154,158,121
169,Brian Robinson,RB52,ATL,161.0,169,140,142,152,181,187,164
169,AJ Barner,TE25,SEA,186.4,169,188,217,183,176,,168
174,Dalton Schultz,TE24,HOU,185.0,174,170,207,207,167,204,155
174,Sean Tucker,RB70,TB,231.6,174,282,250,222,195,,209
176,Tre Harris,WR68,LAC,192.2,176,215,204,191,163,,188
176,Antonio Williams,WR72,WAS,200.3,176,202,208,215,200,194,183
178,Kaytron Allen,RB64,WAS,204.6,178,229,214,187,215,,178
180,MarShawn Lloyd,RB57,GB,193.4,180,240,242,172,166,,147
181,Ryan Flournoy,WR71,DAL,197.4,181,256,205,171,165,,190
181,Darnell Mooney,WR82,NYG,233.8,181,288,203,232,208,,238
182,Nicholas Singleton,RB63,TEN,202.0,182,201,221,194,202,,192
182,Calvin Ridley,WR76,TEN,212.3,182,290,146,221,194,202,221
185,Emmett Johnson,RB62,KC,201.0,185,194,248,186,207,200,171
186,Tank Dell,WR70,HOU,197.2,186,190,201,274,180,145,193
186,Malik Washington,WR77,MIA,213.0,186,247,228,219,174,207,203
187,Jerry Jeudy,WR66,CLE,177.5,187,198,133,197,185,161,191
189,Zachariah Branch,WR74,ATL,202.6,189,193,202,226,179,,213
190,Mike Washington Jr.,RB55,LV,187.4,190,224,156,189,192,,176
191,Jauan Jennings,WR67,MIN,178.3,191,174,164,199,158,180,195
192,Ray Davis,RB56,BUF,188.2,192,258,154,168,188,,173
192,Isaac TeSlaa,WR73,DET,201.8,192,221,224,188,172,,204
193,Gunnar Helm,TE27,TEN,208.0,193,252,215,220,187,,166
193,Demond Claiborne,RB69,MIN,223.4,193,287,222,206,227,,175
193,Chris Brooks,RB83,GB,280.3,193,,249,293,310,,269
194,Devin Singletary,RB93,NYG,321.7,194,,277,333,355,,
195,Germie Bernard,WR80,PIT,223.4,195,268,152,253,201,,243
195,Brashard Smith,RB88,KC,301.0,195,238,306,342,280,,339
197,Terrance Ferguson,TE23,LAR,180.6,197,211,159,203,177,,153
198,David Njoku,TE31,LAC,249.4,198,212,292,309,217,,217
198,Elijah Sarratt,WR101,BAL,284.2,198,245,371,267,228,,310
199,Ja'Kobi Lane,WR75,BAL,209.6,199,176,165,277,183,,247
199,Kayshon Boutte,WR79,NE,221.5,199,220,232,237,196,215,229
199,Aaron Rodgers,QB30,PIT,256.0,199,259,268,259,178,,316
200,Braelon Allen,RB58,NYJ,194.3,200,219,167,198,219,189,174
200,Jacoby Brissett,QB28,ARI,249.0,200,280,269,216,197,,283
201,Jaydon Blue,RB60,DAL,198.8,201,254,243,169,169,,159
201,Pat Freiermuth,TE29,PIT,229.4,201,278,206,285,193,,185
201,Chris Bell,WR88,MIA,249.6,201,273,227,266,229,,253
202,Ollie Gordon II,RB71,MIA,236.3,202,,226,204,259,,256
203,Troy Franklin,WR102,DEN,284.2,203,281,372,264,230,,274
204,Kimani Vidal,RB67,LAC,215.0,204,228,223,227,203,,194
206,Adonai Mitchell,WR65,NYJ,175.8,206,222,148,153,170,,186
206,Greg Dulcich,TE26,MIA,202.8,206,266,258,179,182,184,148
206,Cade Otton,TE30,TB,230.2,206,213,289,272,191,211,205
207,Najee Harris,RB107,,404.6,207,216,909,281,319,,298
208,Eli Stowers,TE33,PHI,264.5,208,226,324,283,,,225
211,Eli Stowers,TE28,,225.0,211,,,,225,,
212,Jordan James,RB59,SF,198.6,212,,193,233,224,162,181
212,George Holani,RB68,SEA,218.5,212,,244,213,220,,197
212,Ted Hurst,WR86,TB,245.2,212,277,234,268,199,,248
212,Geno Smith,QB29,NYJ,250.0,212,,267,241,190,,302
212,Elic Ayomanor,WR110,TEN,302.0,212,200,437,303,252,,318
213,Dontayvion Wicks,WR69,PHI,195.0,213,,197,192,173,,218
213,Fernando Mendoza,QB27,LV,222.6,213,185,220,224,189,,295
214,Caleb Douglas,WR85,MIA,244.5,214,,231,279,206,,262
214,Adam Randall,RB73,BAL,248.8,214,,239,235,271,,250
214,Darius Slayton,WR103,NYG,286.8,214,,263,261,263,,360
214,Calvin Austin,WR151,NYG,370.7,214,,435,349,328,,
216,James Conner,RB65,ARI,206.7,216,199,195,214,232,188,212
216,Cyrus Allen,WR92,KC,262.6,216,243,380,278,186,,226
216,Malachi Fields,WR98,NYG,278.6,216,275,397,260,210,,251
216,Luke McCaffrey,WR140,WAS,356.0,216,,427,325,322,,350
217,Samaje Perine,RB75,CIN,252.5,217,,240,289,245,,236
218,Jack Bech,WR87,LV,246.6,218,264,211,228,253,,277
218,Keon Coleman,WR91,BUF,262.2,218,257,252,307,214,,281
218,Ty Johnson,RB82,BUF,279.8,218,,245,316,282,,276
218,Chimere Dike,WR114,TEN,313.0,218,246,402,315,268,,334
219,Justice Hill,RB66,BAL,213.0,219,,196,239,222,208,200
219,Tory Horton,WR90,SEA,254.4,219,244,262,258,221,,287
220,Christian Kirk,WR99,SF,280.2,220,272,376,323,247,217,246
222,Jaylin Noel,WR81,HOU,230.0,222,218,209,212,240,,271
222,DJ Giddens,RB74,IND,251.0,222,,251,234,278,,241
222,Tez Johnson,WR146,TB,364.3,222,,421,395,277,,
222,Bryce Lance,WR176,NO,413.0,222,,384,666,306,,296
223,Tua Tagovailoa,QB33,ATL,267.6,223,260,296,242,205,,335
224,Tyquan Thornton,WR89,KC,251.0,224,,264,252,218,,270
224,Isaiah Davis,RB78,NYJ,258.3,224,,247,209,304,,273
224,Kendre Miller,RB87,NO,300.3,224,236,282,326,357,,
225,Pat Bryant,WR84,DEN,238.8,225,249,261,248,184,,252
226,Rashod Bateman,WR78,BAL,220.0,226,253,163,246,198,,240
226,Skyler Bell,WR112,BUF,306.5,226,,382,255,262,,327
226,Cedric Tillman,WR184,CLE,428.0,226,,497,390,397,,
227,Mike Gesicki,TE35,CIN,268.0,227,,290,308,211,,263
228,Cooper Kupp,WR83,SEA,238.3,228,248,230,282,212,193,265
228,Devaughn Vele,WR97,NO,277.4,228,267,275,304,237,,304
228,Chris Brazzell II,WR194,CAR,454.8,228,460,771,305,414,,324
230,Kaelon Black,RB61,SF,199.0,230,,213,218,209,175,180
230,Isaac Guerendo,RB126,SF,481.5,230,,305,934,332,,355
233,Seth McGowan,RB80,IND,278.0,233,,281,330,234,,267
234,Evan Engram,TE32,DEN,255.3,234,,291,291,216,,223
234,Xavier Legette,WR95,CAR,273.8,234,,210,298,244,,343
235,Colby Parkinson,TE34,LAR,265.6,235,292,312,280,213,,231
235,Brandon Aiyuk,WR94,SF,270.4,235,285,233,301,269,,264
236,Emanuel Wilson,RB77,SEA,256.5,236,289,266,256,292,197,239
236,Kaleb Johnson,RB85,PIT,295.0,236,223,303,321,295,,333
236,Max Klare,TE61,LAR,358.3,236,284,328,485,336,,
237,Andrei Iosivas,WR106,CIN,296.8,237,,294,318,235,,340
237,Trey Benson,RB104,ARI,383.0,237,293,675,329,330,,288
238,Jaylen Wright,RB76,MIA,255.8,238,283,225,294,249,,228
238,Shedeur Sanders,QB32,CLE,264.3,238,263,301,270,223,,
238,Hollywood Brown,WR121,PHI,334.3,238,,383,339,281,,
240,Deshaun Watson,QB35,CLE,285.8,240,,270,299,242,,332
241,Michael Penix,QB31,ATL,263.5,241,241,310,257,246,,
241,LeQuint Allen,RB79,JAX,269.3,241,,241,332,250,,254
241,Eli Raridon,TE43,NE,300.5,241,,392,310,239,,261
241,Devin Neal,RB106,NO,395.5,241,214,731,296,341,,
242,Jake Tonges,TE36,SF,268.8,242,276,311,322,233,,202
242,Mack Hollins,WR133,NE,347.7,242,,408,347,288,,
243,Erick All,TE46,CIN,306.5,243,,386,320,248,,272
243,Charlie Kolar,TE47,LAC,311.5,243,,394,312,231,,309
243,Konata Mumpfield,WR132,LAR,346.7,243,,405,306,329,,
243,Keenan Allen,WR148,,365.8,243,255,865,271,204,,234
244,Olamide Zaccheaus,WR155,ATL,374.7,244,,401,388,335,,
245,Trevor Etienne,RB91,CAR,317.8,245,,280,334,296,,361
246,Darnell Washington,TE38,PIT,289.5,246,,313,288,243,,314
246,Tyreek Hill,WR127,,341.8,246,209,834,302,241,190,275
247,Jaylin Lane,WR203,WAS,475.3,247,,391,695,340,,
248,Kirk Cousins,QB34,LV,284.5,248,,302,244,238,,354
250,Carson Beck,QB36,ARI,289.7,250,,316,327,226,,
251,Theo Johnson,TE42,NYG,297.2,251,250,326,331,264,,315
253,Mason Taylor,TE37,NYJ,283.8,253,235,325,313,254,,292
253,Joshua Palmer,WR141,BUF,356.7,253,,379,412,279,,
254,Anthony Richardson,QB58,IND,523.7,254,,337,883,351,,
260,Michael Mayer,TE39,LV,290.8,260,,293,379,236,,255
260,J.J. McCarthy,QB39,MIN,310.3,260,234,315,393,299,,
260,Dont'e Thornton Jr.,WR287,LV,610.5,260,,400,821,,,
261,Mac Jones,QB43,SF,346.0,261,,319,406,308,,351
263,Justin Fields,QB40,KC,320.7,263,,317,356,289,,
268,Ty Simpson,QB56,LAR,490.8,268,274,336,966,387,,
269,Malik Davis,RB84,DAL,287.5,269,,265,314,293,,278
269,Elijah Arroyo,TE55,SEA,347.8,269,,323,529,260,,279
271,Dawson Knox,TE49,BUF,319.5,271,,314,361,267,,336
272,Jalen Tolbert,WR93,MIA,264.8,272,,229,275,266,,289
272,Cole Kmet,TE50,CHI,323.8,272,,332,370,272,,321
272,Isaiah Bond,WR144,CLE,358.0,272,,403,345,326,,
273,Oscar Delp,TE57,NO,349.8,273,,466,328,312,,293
277,Ja'Tavion Sanders,TE54,CAR,336.3,277,,329,394,286,,
282,Marvin Mims,WR96,DEN,276.3,282,227,272,319,287,,
283,Treylon Burks,WR124,WAS,336.5,283,,377,311,320,,338
283,Kendrick Bourne,WR128,ARI,342.3,283,,373,351,303,,
286,Noah Gray,TE56,KC,349.8,286,,331,415,327,,326
286,Zavion Thomas,WR182,CHI,426.3,286,,393,628,258,,
288,Emari Demercado,RB72,KC,244.5,288,,246,236,261,,235
289,Justin Joly,TE64,DEN,383.3,289,,452,457,305,,319
290,Brenen Thompson,WR117,LAC,331.0,290,,411,317,276,,320
290,Kyle Williams,WR123,NE,335.8,290,230,420,344,,,349
293,Jerome Ford,RB149,WAS,573.7,293,,611,725,385,,
294,Tahj Brooks,RB81,CIN,279.0,294,,279,240,297,,300
294,Drew Allar,QB88,PIT,639.8,294,760,457,960,382,,
296,Noah Fant,TE58,NO,356.3,296,,333,364,372,,
296,Jarquez Hunter,RB110,LAR,411.8,296,269,714,335,393,,348
297,Tutu Atwell,WR143,MIA,357.3,297,,369,430,273,,
297,Jaleel McLaughlin,RB138,DEN,535.0,297,,658,553,394,,
297,Cade Klubnik,QB91,NYJ,642.0,297,,,969,315,,
298,Audric Estime,RB114,NO,437.0,298,262,676,372,438,,
299,Luke Musgrave,TE67,GB,407.0,299,,418,433,370,,
300,Will Shipley,RB129,PHI,497.5,300,,276,938,419,,357
302,Kareem Hunt,RB125,,478.5,302,,844,355,410,,305
305,Jameis Winston,QB61,NYG,533.3,305,,335,913,352,,
306,Tyler Higbee,TE53,LAR,335.3,306,,327,287,375,,352
306,Jordan Whittington,WR196,LAR,462.0,306,,385,816,300,,347
307,Marcus Mariota,QB50,WAS,418.7,307,,342,526,388,,
308,DeMario Douglas,WR109,NE,301.3,308,,274,348,255,,328
312,Luke Schoonmaker,TE111,DAL,510.3,312,,409,693,429,,
313,Eli Heidenreich,RB175,PIT,628.3,313,,780,742,363,,
314,Jahan Dotson,WR100,ATL,280.8,314,,271,250,257,,345
317,Darren Waller,TE40,CAR,293.3,317,,259,352,251,,311
318,Jawhar Jordan,RB94,HOU,330.3,318,,283,336,379,,323
319,Savion Williams,WR104,GB,288.0,319,,253,341,270,,
322,Xavier Hutchinson,WR159,HOU,380.0,322,,398,400,342,,
323,Kevin Coleman Jr.,WR136,MIA,352.3,323,,370,343,344,,
325,KaVontae Turpin,WR115,DAL,315.3,325,,273,382,291,,
326,Kalif Raymond,WR120,CHI,331.3,326,,374,346,274,,
327,Joe Flacco,QB42,CIN,341.3,327,,318,385,321,,
328,Nick Westbrook-Ikhine,WR186,IND,430.0,328,,284,708,298,,
329,Ashton Dulin,WR119,IND,331.3,329,,295,340,359,,
333,Devontez Walker,WR138,BAL,355.3,333,,415,350,301,,
334,Dameon Pierce,RB192,PHI,654.0,334,,600,921,441,,
339,Roman Wilson,WR165,PIT,390.3,339,,406,549,265,,341
340,Dyami Brown,WR169,WAS,392.0,340,,375,443,358,,
341,Greg Dortch,WR156,DET,375.0,341,,436,380,309,,
342,Demarcus Robinson,WR166,SF,390.3,342,,453,411,307,,
343,Theo Wease Jr.,WR226,MIA,522.5,343,,739,688,366,,297
344,Riley Leonard,QB78,IND,616.7,344,,459,1001,390,,
345,Mo Alie-Cox,TE92,IND,469.7,345,,412,536,461,,
346,Gardner Minshew,QB81,ARI,621.0,346,550,499,1015,420,,
347,DeAndre Hopkins,WR546,,905.7,347,,862,408,1447,,
348,Taysom Hill,TE107,,503.0,348,,809,367,333,,
349,Tyrod Taylor,QB76,GB,609.3,349,733,460,797,447,,
350,JuJu Smith-Schuster,WR197,NYG,464.3,350,,548,423,422,,
351,Zonovan Knight,RB98,ARI,340.5,351,,307,374,,,
352,Raheim Sanders,RB134,CLE,530.0,352,,740,338,512,,
,Houston Texans,DEF1,HOU,140.0,,104,169,147,,,
,Los Angeles Rams,DEF2,LAR,141.7,,91,173,161,,,
,Brandon Aubrey,K1,DAL,143.0,,125,181,165,,114,130
,Seattle Seahawks,DEF3,SEA,147.0,,110,172,159,,,
,Denver Broncos,DEF4,DEN,151.3,,128,170,156,,,
,Philadelphia Eagles,DEF5,PHI,159.3,,130,175,173,,,
,Jason Myers,K2,SEA,162.0,,131,183,190,,122,184
,Cameron Dicker,K3,LAC,163.0,,127,182,180,,149,177
,Ka'imi Fairbairn,K4,HOU,165.8,,141,185,177,,139,187
,New England Patriots,DEF6,NE,166.3,,148,177,174,,,
,Baltimore Ravens,DEF7,BAL,169.7,,142,174,193,,,
,Pittsburgh Steelers,DEF8,PIT,173.7,,165,171,185,,,
,Cam Little,K5,JAX,177.6,,143,188,184,,174,199
,Detroit Lions,DEF9,DET,185.0,,152,178,225,,,
,Los Angeles Chargers,DEF10,LAC,187.3,,186,180,196,,,
,Harrison Mevis,K6,LAR,187.4,,150,184,217,,179,207
,Jake Bates,K7,DET,190.8,,182,189,200,,164,219
,Eddy Pineiro,K8,SF,196.8,,173,186,210,,201,214
,Kansas City Chiefs,DEF11,KC,198.0,,207,179,208,,,
,Jacksonville Jaguars,DEF12,JAX,201.7,,169,254,182,,,
,Tyler Loop,K9,BAL,205.6,,204,190,202,,212,220
,Will Reichard,K10,MIN,208.4,,172,192,243,,213,222
,Minnesota Vikings,DEF13,MIN,208.7,,151,300,175,,,
,Cairo Santos,K11,CHI,210.8,,192,191,211,,203,257
,Green Bay Packers,DEF14,GB,215.3,,205,236,205,,,
,Harrison Butker,K12,KC,217.6,,183,187,245,,214,259
,Evan McPherson,K13,CIN,222.5,,184,256,201,,,249
,Chris Boswell,K14,PIT,224.0,,177,237,238,,,244
,Chase McLaughlin,K15,TB,226.2,,233,238,230,,206,224
,Andy Borregales,K16,NE,239.3,,153,351,223,,,230
,Indianapolis Colts,DEF15,IND,247.3,,225,255,262,,,
,Cleveland Browns,DEF16,CLE,257.3,,306,176,290,,,
,San Francisco 49ers,DEF17,SF,258.3,,231,297,247,,,
,Tampa Bay Buccaneers,DEF18,TB,260.3,,251,235,295,,,
,Chicago Bears,DEF19,CHI,262.0,,237,286,263,,,
,Dallas Cowboys,DEF20,DAL,265.0,,203,361,231,,,
,Cincinnati Bengals,DEF21,CIN,269.0,,271,285,251,,,
,Buffalo Bills,DEF22,BUF,275.7,,232,366,229,,,
,Jake Elliott,K17,PHI,281.3,,270,288,286,,,
,New York Giants,DEF23,NYG,282.3,,239,359,249,,,
,Atlanta Falcons,DEF24,ATL,286.7,,242,364,254,,,
,New Orleans Saints,DEF25,NO,292.7,,279,299,300,,,
,Marcus Riley,WR105,,294.0,,294,,,,,
,Tommy Stevens,QB37,NYG,295.0,,295,,,,,
,Nick Folk,K18,ATL,295.0,,332,257,371,,178,337
,Riley Sharp,TE41,,296.0,,296,,,,,
,Josh Caldwell,RB86,,297.0,,297,,,,,
,Alex Smith,QB38,,298.0,,298,,,,,
,Wil Lutz,K19,DEN,298.5,,291,346,273,,,284
,Marcus Simms,WR107,,299.0,,299,,,,,
,Blake Grupe,K20,IND,299.0,,,349,369,,171,307
,T.J. Simmons,WR108,,300.0,,300,,,,,
,Carolina Panthers,DEF26,CAR,301.0,,265,362,276,,,
,Jordan Reed,TE44,,301.0,,301,,,,,
,Steven Wroblewski,TE45,,303.0,,303,,,,,
,Austin Proehl,WR111,,304.0,,304,,,,,
,Charlie Smyth,K21,NO,304.8,,310,345,265,,,299
,Bryant Mitchell,WR113,,307.0,,307,,,,,
,Patrick Carr,RB89,,312.0,,312,,,,,
,Garrett Groshek,RB90,,315.0,,315,,,,,
,Gabe Brkic,K22,,317.0,,317,,,,,
,Diontae Spencer,WR116,,318.0,,318,,,,,
,Ian Bunting,TE48,,319.0,,319,,,,,
,Tristan Vizcaino,K23,,320.0,,320,,,,,
,George Aston,RB92,,321.0,,321,,,,,
,Tennessee Titans,DEF27,TEN,321.7,,313,360,292,,,
,Trey Smack,K24,GB,324.0,,410,287,269,,,330
,Matt Seybert,TE51,,325.0,,325,,,,,
,Tyree Mayfield,TE52,,330.0,,330,,,,,
,Kyle Williams,WR118,,331.0,,,,,331,,
,Trayone Gray,RB95,,333.0,,333,,,,,
,Trenton Cannon,RB96,,334.0,,334,,,,,
,Connor Wedington,WR122,,335.0,,335,,,,,
,Ja'Quan Gardner,RB97,,337.0,,337,,,,,
,Jeret Smith,WR125,,338.0,,338,,,,,
,Connor Jessop,QB41,,339.0,,339,,,,,
,Phillip Andersen,K25,,340.0,,340,,,,,
,Calvin Jackson,WR126,,341.0,,341,,,,,
,Matt Gay,K26,LV,342.7,,302,353,373,,,
,Zion Bowens,WR129,,343.0,,343,,,,,
,Reggie White,WR130,,344.0,,344,,,,,
,Brian Riley,WR131,,345.0,,345,,,,,
,Riley Patterson,K27,MIA,347.7,,308,352,383,,,
,CJ Verdell,RB99,,349.0,,349,,,,,
,Riley Ridley,WR134,,350.0,,350,,,,,
,Jerreth Sterns,WR135,,351.0,,351,,,,,
,Connor Neighbors,RB100,,352.0,,352,,,,,
,Ryan Willis,QB44,,353.0,,353,,,,,
,Devin Gray,WR137,,354.0,,354,,,,,
,B.J. Emmons,RB101,,355.0,,355,,,,,
,Jake Moody,K28,WAS,355.0,,382,350,359,,,329
,Damoun Patterson,WR139,,356.0,,356,,,,,
,Joe Walker,WR142,,357.0,,357,,,,,
,Alex Gray,TE59,,358.0,,358,,,,,
,Tommy Tremble,TE60,CAR,358.0,,,330,398,346,,
,Arizona Cardinals,DEF28,ARI,361.7,,316,367,402,,,
,Miami Dolphins,DEF29,MIA,363.7,,347,368,376,,,
,Alonzo Moore,WR145,,364.0,,364,,,,,
,Jamarius Way,WR147,,365.0,,365,,,,,
,John Metchie,WR149,CAR,367.2,,,598,401,337,210,290
,Las Vegas Raiders,DEF30,LV,367.3,,324,365,413,,,
,Riley Neal,QB45,,368.0,,368,,,,,
,Johnathan Lloyd,WR150,,370.0,,370,,,,,
,Mike Weber,RB102,,371.0,,371,,,,,
,TJ Sheffield,WR152,,372.0,,372,,,,,
,Sean Riley,WR153,,373.0,,373,,,,,
,KeAndre Lambert-Smith,WR154,LAC,373.0,,,,,373,,
,Matt Ammendola,K29,,375.0,,375,,,,,
,Joey Slye,K30,TEN,375.3,,406,355,365,,,
,Taylor Russolino,K31,,376.0,,376,,,,,
,Chad Ryland,K32,ARI,376.0,,404,356,368,,,
,Darrius Shepherd,WR157,,377.0,,377,,,,,
,Chandler Cox,RB103,,379.0,,379,,,,,
,Jason Moore,WR158,,380.0,,380,,,,,
,Dont'e Thornton,WR160,LV,380.0,,,,,380,,
,Elijah Higgins,WR161,ARI,380.3,,,381,422,338,,
,Ben Sinnott,TE62,WAS,380.8,,,413,419,349,,342
,Shane Leatherbury,WR162,,381.0,,381,,,,,
,Josh Oliver,TE63,MIN,381.0,,,390,375,378,,
,Daniel Bellinger,TE65,TEN,383.5,,,,396,371,,
,Kyle Sloter,QB46,,384.0,,384,,,,,
,Washington Commanders,DEF31,WAS,384.0,,,363,405,,,
,Johnny Stanton,RB105,,385.0,,385,,,,,
,Julian Williams,WR163,,387.0,,387,,,,,
,Collin Schlee,QB47,,388.0,,388,,,,,
,Trevon Grimes,WR164,,389.0,,389,,,,,
,Jordan Ta'amu,QB48,,391.0,,391,,,,,
,Jahdae Walker,WR167,CHI,391.3,,,472,417,285,,
,Deante' Gray,WR168,,392.0,,392,,,,,
,Andre Szmyt,K33,CLE,392.7,,393,357,428,,,
,Danny Etling,QB49,,394.0,,394,,,,,
,Ryan Fitzgerald,K34,CAR,395.3,,400,354,432,,,
,Mike Strachan,WR170,,396.0,,396,,,,,
,Bryan Edwards,WR171,,397.0,,397,,,,,
,Fred Trevillion,WR172,,398.0,,398,,,,,
,Jordan Thomas,TE66,,399.0,,399,,,,,
,Kenny Lawler,WR173,,401.0,,401,,,,,
,Tory Carter,RB108,,405.0,,405,,,,,
,Phil Mafah,RB109,DAL,407.5,,,719,297,323,,291
,Austin Hooper,TE68,ATL,407.8,,499,334,377,421,,
,Romello Brooker,TE69,,411.0,,411,,,,,
,Matt Fleming,WR174,,412.0,,412,,,,,
,Malik Benson,WR175,LV,412.3,,,438,630,256,,325
,Jackson Hawes,TE70,BUF,412.3,,,410,404,423,,
,James McCourt,K35,,414.0,,414,,,,,
,Daniel George,WR177,,414.0,,,414,,,,
,Jack Podlesny,K36,,416.0,,416,,,,,
,Jordan Westerkamp,WR178,,418.0,,418,,,,,
,Jalen Royals,WR179,KC,418.8,,,429,601,339,,306
,C.J. Daniels,WR180,LAR,419.0,,,451,568,311,,346
,Dedrick Mills,RB111,,420.0,,420,,,,,
,Maurice Ffrench,WR181,,421.0,,421,,,,,
,Jamie Newman,QB51,,423.0,,423,,,,,
,Sam Roush,TE71,CHI,426.0,,,471,464,343,,
,Damon Hazelton,WR183,,428.0,,428,,,,,
,Odell Beckham,WR185,NYG,428.5,,,399,723,275,,317
,Cade Stover,TE72,HOU,430.7,,,395,552,345,,
,Spencer Rattler,QB52,NO,430.7,,,468,435,389,,
,Chase Roberts,WR187,LV,431.0,,431,,,,,
,Tanner Hudson,TE73,CIN,432.3,,,404,391,502,,
,Tyler Bass,K37,BUF,433.0,,348,347,715,,,322
,Vance McDonald,TE74,,433.0,,433,,,,,
,Tyrell Shavers,WR188,BUF,434.3,,426,444,436,431,,
,Taj McGowan,RB112,,435.0,,435,,,,,
,Tanner Koziol,TE75,JAX,435.0,,,462,467,376,,
,Nick Bawden,RB113,,436.0,,436,,,,,
,Bryan Bennett,QB53,,437.0,,437,,,,,
,Colbie Young,WR189,CIN,437.3,,,388,640,284,,
,Lance Mason,TE76,PIT,438.5,,,,450,427,,
,New York Jets,DEF32,NYJ,439.0,,328,298,691,,,
,Will Kacmarek,TE77,MIA,439.7,,,387,516,416,,
,Bo Scarbrough,RB115,,440.0,,440,,,,,
,Nick Ralston,RB116,,441.0,,441,,,,,
,Marcelias Sutton,RB117,,442.0,,442,,,,,
,Mitchell Evans,TE78,CAR,443.3,,,716,324,290,,
,Mitchell Tinsley,WR190,CIN,443.5,,,449,438,,,
,RJ Maryland,TE79,GB,445.0,,,,445,,,
,Nate Boerkircher,TE80,JAX,445.7,,,428,472,437,,
,Geronimo Allison,WR191,,447.0,,447,,,,,
,Johnny King,WR192,,448.0,,448,,,,,
,Sione Vaki,RB118,DET,448.3,,,684,337,324,,
,Barion Brown,WR193,NO,450.7,,,450,619,283,,
,Jackson Harris,TE81,,451.0,,451,,,,,
,Jared Cook,TE82,,452.0,,452,,,,,
,Drew Sample,TE83,CIN,452.7,,,389,543,426,,
,Davis Allen,TE84,LAR,452.8,,469,423,418,501,,
,Kobe McCrary,RB119,,453.0,,453,,,,,
,John Baron,K38,,454.0,,454,,,,,
,Carson Wentz,QB54,MIN,454.0,,,550,362,450,,
,Marlin Klein,TE85,HOU,455.7,,,469,515,383,,
,Michael Trigg,TE86,DAL,455.8,,286,786,474,374,,359
,Justin Stockton,RB120,,457.0,,457,,,,,
,Joe Mixon,RB121,,457.3,,206,833,381,409,,
,Mitch Van Vooren,WR195,NE,459.0,,,,459,,,
,John Bates,TE87,WAS,459.7,,,396,558,425,,
,Tre Watson,TE88,KC,461.0,,,,461,,,
,Dominik Eberle,K39,,462.0,,462,,,,,
,Josh Ferguson,RB122,,463.0,,463,,,,,
,Blake Haubeil,K40,,465.0,,465,,,,,
,Josh Cuevas,TE89,BAL,465.0,,497,475,453,435,,
,Ricky Pearsall,WR198,SF,465.8,,261,674,358,1190,102,210
,Jibri Blount,TE90,,466.0,,466,,,,,
,John Michael Gyllenborg,TE91,KC,466.5,,,,500,433,,
,Kennedy Brooks,RB123,,467.0,,467,,,,,
,Lil'Jordan Humphrey,WR199,DEN,470.0,,,554,414,442,,
,Valentine Holmes,RB124,,471.0,,471,,,,,
,Foster Moreau,TE93,HOU,472.5,,455,424,539,472,,
,Jeremy Ruckert,TE94,NYJ,472.7,,,416,527,475,,
,Tyre Brady,WR200,,473.0,,473,,,,,
,Tavonn Salter,WR201,,474.0,,474,,,,,
,Matthew Hibner,TE95,BAL,474.0,,,474,,,,
,Bobo Wilson,WR202,,475.0,,475,,,,,
,Brock Wright,TE96,DET,476.3,,751,426,378,350,,
,Tim Patrick,WR204,NYJ,477.3,,,547,421,464,,
,Hunter Kampmoyer,TE97,,479.0,,479,,,,,
,Adam Trautman,TE98,DEN,479.8,,669,407,407,436,,
,Floyd Allen,WR205,,480.0,,480,,,,,
,Eli Stove,WR206,,482.0,,482,,,,,
,Dylan Cantrell,TE99,,483.0,,483,,,,,
,Jimmy Horn Jr.,WR207,CAR,485.3,,,422,720,314,,
,Nate Adkins,TE100,DEN,486.3,,470,425,546,504,,
,Evan Berry,WR208,,487.0,,487,,,,,
,Cade Klubnik,QB55,,488.0,,,488,,,,
,Kehinde Oginni Hassan,TE101,,489.0,,489,,,,,
,Marshall Lang,TE102,MIN,489.0,,,,489,,,
,Van Jefferson,WR209,WAS,490.3,,,563,416,492,,
,Taulia Tagovailoa,QB57,,491.0,,491,,,,,
,Isaiah Williams,WR210,NYJ,493.3,,,440,727,313,,
,Chris Myarick,TE103,LV,493.5,,,,447,540,,
,Brayden Lenius,TE104,,494.0,,494,,,,,
,Nick Chubb,RB127,,494.7,,,836,284,364,,
,Devontres Dukes,WR211,,495.0,,495,,,,,
,Shawn Bowman,TE105,ARI,495.0,,,,495,,,
,Jahwan Edwards,RB128,,496.0,,496,,,,,
,Ray-Ray McCloud,WR212,CHI,496.3,,,530,555,404,,
,Zakhari Franklin,WR213,,497.0,,407,,,587,,
,JJ Galbreath,TE106,,499.0,,,,499,,,
,Deion Burks,WR214,IND,502.0,,,,656,348,,
,Darius Cooper,WR215,PHI,502.3,,,479,726,302,,
,Ko Kieft,TE108,TB,505.0,,,463,521,531,,
,Kevin Austin,WR216,NO,505.0,,,702,389,424,,
,Derrick Willies,WR217,,506.0,,506,,,,,
,Reggie Virgil,WR218,ARI,506.3,,,489,632,398,,
,Robert Tonyan,TE109,PIT,507.0,,,526,462,533,,
,Bryan Thompson,WR219,,507.5,,386,,,629,,
,A.J. Green,WR220,,508.0,,508,,,,,
,David Sills,WR221,TB,508.3,,477,597,525,434,,
,Derek Carrier,TE110,,509.0,,509,,,,,
,Tyler Johnson,WR222,DAL,510.5,,562,562,420,498,,
,Jordan Hudson,WR223,DAL,511.0,,511,,,,,
,Aaron Dykes,RB130,,512.0,,512,,,,,
,Ian Thomas,TE112,LV,512.3,,,485,531,521,,
,Chris Blewitt,K41,,513.0,,513,,,,,
,Romello Brinson,WR224,,515.0,,408,,622,,,
,Marquez Valdes-Scantling,WR225,DAL,515.8,,687,549,441,386,,
,Joe Royer,TE113,CLE,516.5,,701,434,514,417,,
,TD Ayo-Durojaiye,RB131,,520.0,,520,,,,,
,Bryce Pierre,TE114,,520.0,,,,520,,,
,Michael Carter,RB132,TEN,520.8,,667,574,366,476,,
,Chris Manhertz,TE115,NYG,521.3,,,500,534,530,,
,DeSean Jackson,WR227,,524.0,,524,,,,,
,Qadir Ismail,WR228,CHI,524.0,,,,524,,,
,Isaiah Hodgins,WR229,NYG,524.3,,,568,532,473,,
,Jonnu Smith,TE116,,524.3,,,810,360,403,,
,Grant Calcaterra,TE117,PHI,524.7,,,607,528,439,,
,Hajj-Malik Williams,QB59,,525.0,,525,,,,,
,Brevin Jordan,TE118,HOU,525.8,,493,584,518,508,,
,Cyrus Holder,WR230,,527.0,,527,,,,,
,Tyler Conklin,TE119,DET,527.0,,698,467,409,534,,
,Roosevelt Nix,RB133,,528.0,,528,,,,,
,Jason Sanders,K42,NYJ,528.5,,,358,699,,,
,Ben Sims,TE120,MIA,528.7,,,439,537,610,,
,Chris Moore,WR231,BAL,530.0,,,525,545,520,,
,Kyle Allen,QB60,BUF,531.0,,360,490,958,316,,
,Boston Scott,RB135,,531.5,,456,,,607,,
,Gerrid Doaks,RB136,,532.5,,336,,,729,,
,AJ Henning,WR232,MIA,532.7,,425,,620,553,,
,David Moore,WR233,CAR,532.7,,,545,538,515,,
,Khalil Herbert,RB137,SF,534.0,,,583,923,318,,312
,J'Mari Taylor,RB139,JAX,535.5,,,,777,294,,
,Spencer Shrader,K43,IND,536.0,,438,1008,354,,,344
,Rasheen Ali,RB140,BAL,536.0,,,309,931,368,,
,Jack Stoll,TE121,CLE,536.5,,359,495,803,489,,
,Aaron Anderson,WR234,,536.7,,378,,613,619,,
,Dominic Zvada,K44,NYG,537.3,,413,348,851,,,
,Dante Wright,WR235,,539.0,,539,,,,,
,Josh Cameron,WR236,JAX,540.0,,,520,685,415,,
,Malik Henry,WR237,,541.0,,541,,,,,
,Nick Boyle,TE122,,541.0,,,,,541,,
,Zach Ertz,TE123,,541.3,,,866,353,615,,331
,Luke Farrell,TE124,SF,541.3,,,448,707,469,,
,Devin Culp,TE125,TB,542.7,,,682,455,491,,
,Javon Wims,WR238,,543.0,,543,,,,,
,Jared Rice,TE126,,544.0,,544,,,,,
,Brevyn Spann-Ford,TE127,DAL,545.7,,,455,798,384,,
,Jack Endries,TE128,CIN,545.7,,,776,494,367,,
,Brandon McManus,K45,,547.7,,409,871,363,,,
,Hunter Long,TE129,JAX,547.7,,,581,403,659,,
,James Mitchell,TE130,CAR,548.3,,,614,471,560,,
,Shane Zylstra,TE131,BUF,548.7,,,594,523,529,,
,Josh Rosen,QB62,,549.0,,549,,,,,
,Tyler Badie,RB141,DEN,549.0,,,278,889,480,,
,Payne Durham,TE132,TB,549.0,,,430,822,395,,
,Damiere Byrd,WR239,,549.0,,,,,549,,
,Eric Rivers,WR240,TB,549.5,,,,667,432,,
,Justin Hall,WR241,,550.0,,,,,550,,
,Kyle Juszczyk,RB142,SF,550.7,,,378,829,445,,
,Kaden Wetjen,WR242,PIT,550.7,,,501,634,517,,
,Julian Fleming,WR243,,551.0,,551,,,,,
,Landon Rice,TE133,,552.0,,552,,,,,
,Elijhah Badger,WR244,,552.0,,,,,552,,
,Zach Horton,TE134,DET,553.3,,402,762,496,,,
,Garrett Greene,QB63,TB,553.5,,445,,662,,,
,Marchie Murdock,WR245,,555.0,,555,,,,,
,Thaddeus Moss,TE135,,555.0,,,,,555,,
,Wayne Gallman,RB143,,556.0,,,,,556,,
,Stephen Gosnell,WR246,BUF,556.5,,538,,575,,,
,Younghoe Koo,K46,,557.0,,390,852,429,,,
,Justin Rohrwasser,K47,,557.0,,557,,,,,
,Josh Whyle,TE136,GB,559.3,,661,643,533,400,,
,Xavier Smith,WR247,LAR,560.8,,542,443,818,440,,
,David Blough,QB64,,561.0,,478,,,644,,
,Darius Prince,WR248,,561.0,,561,,,,,
,Jeremiah Webb,WR249,NE,562.0,,,,562,,,
,Lucky Jackson,WR250,DET,562.3,,311,,689,687,,
,Jaren Kanak,TE137,TEN,562.7,,,773,487,428,,
,Carl Tucker,TE138,,563.0,,563,,,,,
,DeAngelo Hardy,WR251,,563.0,,,,,563,,
,James Gilbert,RB144,,564.0,,564,,,,,
,Jaylen Samuels,RB145,,565.0,,565,,,,,
,Matt LaCosse,TE139,NE,565.0,,,,,565,,
,Xavier Restrepo,WR252,TEN,565.7,,,735,561,401,,
,James Butler,RB146,,566.0,,566,,,,,
,Breshad Perriman,WR253,,566.0,,,,,566,,
,Darren Carrington,WR254,,567.0,,567,,,,,
,Efton Chism,WR255,NE,567.0,,,517,807,377,,
,Tyson Bagent,QB65,CHI,567.3,,,343,1005,354,,
,Jeremy McNichols,RB147,WAS,569.0,,,537,702,468,,
,Nick Muse,TE140,ATL,569.3,,,613,484,611,,
,Malachi Jones,WR256,,570.0,,570,,,,,
,Noah Brown,WR257,,571.3,,516,788,439,542,,
,AJ McCarron,QB66,,572.0,,,,,572,,
,Jalen Greene,WR258,,573.0,,573,,,,,
,Jeff Caldwell,WR259,KC,573.0,,580,,591,548,,
,Salvon Ahmed,RB148,CHI,573.3,,,569,746,405,,
,Curtis Samuel,WR260,,574.0,,309,841,548,598,,
,Ronald Jones,RB150,,574.0,,,,,574,,
,Durham Smythe,TE141,BAL,574.3,,,419,834,470,,
,Ted Ginn,WR261,,575.0,,575,,,,,
,Courtney Jackson,WR262,TEN,577.0,,590,,564,,,
,Cole Burgess,WR263,PIT,577.0,,,,577,,,
,Chase Roberts,WR264,,577.0,,,,658,496,,
,Tre Stewart,RB151,,577.0,,,,,577,,
,Charlie Woerner,TE142,ATL,577.5,,532,486,809,483,,
,D.J. Montgomery,WR265,IND,579.5,,366,596,621,735,,
,Xavier Johnson,WR266,CIN,580.0,,,,580,,,
,Matt Landers,WR267,,580.0,,,,,580,,
,Jamal Pettigrew,TE143,,581.0,,581,,,,,
,Dante Pettis,WR268,BUF,582.0,,,546,804,396,,
,Vinny Anthony II,WR269,ATL,582.0,,,,563,601,,
,Devon Bell,K48,,583.0,,583,,,,,
,Holton Ahlers,QB67,,583.0,,,,,583,,
,Marvin Jones,WR270,,584.0,,,,,584,,
,Jordan Watkins,WR271,SF,584.3,,,718,675,360,,
,Demetris Robertson,WR272,,585.0,,585,,,,,
,Ja'Seem Reed,WR273,CAR,585.0,,,,585,,,
,BJ Baylor,RB152,,586.0,,586,,,,,
,Tommy DeVito,QB68,NE,586.3,,,341,964,454,,
,Napoleon Maxwell,RB153,,588.0,,588,,,,,
,Davis Mills,QB69,HOU,588.7,,,483,826,457,,
,Tip Reiman,TE144,ARI,590.0,,,480,828,462,,
,John Rhys Plumlee,QB70,,590.0,,,,590,,,
,Malachi Corley,WR274,CLE,590.3,,,456,830,485,,
,Alex Kessman,K49,CAR,591.0,,591,,,,,
,Donte Moncrief,WR275,,592.0,,592,,,,,
,Kendall Blanton,TE145,,592.0,,,,,592,,
,De'Anthony Thomas,WR276,,592.5,,604,,,581,,
,Nick Easley,WR277,,593.0,,593,,,,,
,Hunter Luepke,RB154,DAL,593.3,,,417,886,477,,
,Seydou Traore,TE146,MIA,593.3,,,779,517,484,,
,Jarrett Stidham,QB71,DEN,593.7,,,338,988,455,,
,Thayer Thomas,WR278,,594.0,,,,,594,,
,Theo Riddick,RB155,,595.0,,,,,595,,
,Duece Watts,WR279,,596.0,,589,,,603,,
,Da'Mari Scott,WR280,,596.0,,596,,,,,
,Caleb Huntley,RB156,,596.0,,,,,596,,
,Oliver Martin,WR281,,597.0,,597,,,,,
,Jake Briningstool,TE147,KC,597.0,,,,488,706,,
,Connor Heyward,TE148,LV,597.3,,,446,898,448,,
,Christian Blake,WR282,,598.0,,598,,,,,
,Noah Thomas,WR283,CIN,599.3,,646,,657,495,,
,Anthony Torres,TE149,,600.0,,600,,,,,
,Kyric McGowan,WR284,,600.0,,,,,600,,
,Will Mallory,TE150,IND,600.5,,639,651,551,561,,
,Sean McKeon,TE151,IND,601.7,,,570,502,733,,
,Tyler Huntley,QB72,BAL,602.3,,,476,882,449,,
,Mason Pline,TE152,KC,603.5,,,,513,694,,
,Emmanuel Henderson Jr,WR285,SEA,603.7,,,785,661,365,,
,Dean Connors,RB157,LAR,604.0,,,,737,471,,
,Damien Martinez,RB158,GB,604.3,,,726,731,356,,
,Dylan Laube,RB159,LV,604.7,,,308,999,507,,
,Nick Mullens,QB73,JAX,605.0,,,339,1020,456,,
,Zack Kuntz,TE153,DAL,605.0,,,652,486,677,,
,Xavier Turner,RB160,,606.0,,606,,,,,
,Joshua Dobbs,QB74,DET,606.8,,486,473,1016,452,,
,J.J. Jones,WR286,,607.0,,607,,,,,
,Jaydn Ott,RB161,KC,607.5,,,,750,465,,
,Garrett Dickerson,TE154,,608.0,,608,,,,,
,AJ Dillon,RB162,CAR,608.0,,,561,902,361,,
,Trinidad Chambliss,QB75,,608.0,,,,,608,,
,Ito Smith,RB163,DAL,609.0,,609,,,,,
,Jake Funk,RB164,,610.0,,424,,,796,,
,Joe Webb,QB77,,610.0,,610,,,,,
,Clayton Hatfield,K50,,611.0,,611,,,,,
,Kisean Johnson,WR288,GB,611.0,,,,611,,,
,Terry Swanson,RB165,,612.0,,612,,,,,
,Gavin Bartholomew,TE155,MIN,612.0,,,715,507,614,,
,Abram Smith,RB166,,612.5,,363,,,862,,
,Jacob Cowing,WR289,SF,612.7,,,512,791,535,,
,James Robinson,RB167,,613.0,,,,,613,,
,Stone Smartt,TE156,PHI,614.3,,,635,705,503,,
,Luke Floriea,WR290,CLE,616.0,,,,616,,,
,Jalen Brooks,WR291,ARI,616.5,,666,521,880,399,,
,Quinn Ewers,QB79,MIA,616.7,,,498,899,453,,
,Tanner Morgan,QB80,,617.0,,617,,,,,
,Patrick Ricard,RB168,NYG,617.3,,,496,943,413,,
,Nick Kallerup,TE157,SEA,618.0,,,753,483,,,
,Ameer Abdullah,RB169,JAX,620.0,,616,540,814,510,,
,Scotty Washington,WR292,,620.0,,,,,620,,
,Jay Lee,WR293,,621.0,,621,,,,,
,Maurice Alexander,WR294,CHI,621.0,,,636,589,638,,
,Traeshon Holden,WR295,DAL,621.0,,,,674,568,,
,Brandon Silvers,QB82,,622.0,,622,,,,,
,Arian Smith,WR296,NYJ,622.0,,,504,876,486,,
,Julian Hill,TE158,NE,622.0,,,660,700,506,,
,Kayron Lynch-Adams,RB170,,622.0,,,,,622,,
,Tyler Mabry,TE159,,622.5,,323,922,,,,
,Tai Felton,WR297,MIN,622.5,,753,465,891,381,,
,Damien Caffrey,TE160,,623.0,,623,,,,,
,Raheem Blackshear,RB171,DET,624.3,,,627,838,408,,
,Nathan Carter,RB172,ATL,624.5,,674,,,575,,
,Henry Poggi,RB173,,625.0,,625,,,,,
,Phillip Dorsett,WR298,LV,625.7,,,539,625,713,,
,Jacques Patrick,RB174,,627.0,,,,,627,,
,Luis Perez,QB83,,628.0,,,,,628,,
,Drake Dabney,TE161,GB,628.5,,,766,491,,,
,Ian Wheeler,RB176,BUF,629.0,,507,,751,,,
,Mike Davis,RB177,,629.0,,629,,,,,
,Justin Watson,WR299,HOU,629.0,,644,478,690,704,,
,Anthony Gould,WR300,IND,629.0,,,432,929,526,,
,Caleb Lohner,TE162,DEN,629.0,,,727,510,650,,
,KJ Hamler,WR301,,630.0,,,,,630,,
,Pharaoh Brown,TE163,IND,630.3,,,557,547,787,,
,Pierre Strong,RB178,GB,630.3,,,606,806,479,,
,Kye Robichaux,RB179,DET,630.5,,521,,740,,,
,Ty Chandler,RB180,NO,630.7,,,610,815,467,,
,Derius Davis,WR302,LAC,631.0,,,442,915,536,,
,Quintin Morris,TE164,JAX,631.3,,,623,789,482,,
,Chris Carson,RB181,,631.5,,571,,,692,,
,Keandre Lambert-Smith (duplicate),WR303,LAC,632.0,,,431,833,,,
,Daniel Carlson,K51,,632.0,,,854,410,,,
,Bryson Green,WR304,ARI,633.0,,,,633,,,
,Jordan Moore,WR305,CIN,633.5,,,,682,585,,
,Eric Saubert,TE165,SEA,633.8,,729,477,824,505,,
,Jimmy Holiday,WR306,KC,634.0,,553,765,584,,,
,Leonard Taylor,TE166,,635.0,,,,,635,,
,Giovani Bernard,RB182,,636.0,,636,,,,,
,Skyy Moore,WR307,GB,636.0,,747,518,877,402,,
,Zamir White,RB183,SF,636.3,,,602,895,412,,
,Alex McGough,QB84,,637.0,,331,,,943,,
,Jermaine Kearse,WR308,,637.0,,637,,,,,
,Ben DiNucci,QB85,,637.0,,,,,637,,
,Andrew Ogletree,TE167,IND,637.5,,,470,805,,,
,Tanner McKee,QB86,PHI,637.7,,,454,1008,451,,
,Trey Lance,QB87,LAC,637.7,,,458,1011,444,,
,John Jiles,WR309,,638.0,,,,638,,,
,CJ Dippre,TE168,NE,638.3,,,461,444,1010,,
,Kendrick Law,WR310,DET,638.3,,,772,570,573,,
,Cody White,WR311,SEA,638.5,,688,593,795,478,,
,Roman Hemby,RB184,,638.7,,,,770,790,,356
,Marcedes Lewis,TE169,,639.0,,,811,451,655,,
,Leroy Watson,TE170,,639.0,,,,,639,,
,Ricky White,WR312,SEA,639.5,,676,724,639,519,,
,Aca'Cedric Ware,RB185,,640.0,,640,,,,,
,Derek Carr,QB89,,640.5,,,863,,418,,
,Dan Villari,TE171,LAR,640.7,,472,,490,960,,
,Chad Beebe,WR313,,641.0,,641,,,,,
,Will Levis,QB90,TEN,641.0,,,638,932,353,,
,Jakeem Grant,WR314,,641.0,,,,,641,,
,Phillip Brooks,WR315,,641.5,,692,,,591,,
,Jacardia Wright,RB186,SEA,642.3,,429,763,735,,,
,Elijah Cooks,WR316,CAR,642.3,,,663,582,682,,
,Josh Williams,RB187,TB,642.7,,,322,769,837,,
,Jared Wayne,WR317,HOU,643.0,,663,709,595,605,,
,Joaquin Davis,WR318,PIT,643.0,,,,643,,,
,Antwane Wells Jr.,WR319,ATL,644.0,,,,644,,,
,Dare Ogunbowale,RB188,LV,644.7,,,535,909,490,,
,Anthony Boone,QB92,,645.0,,645,,,,,
,Mason Rudolph,QB93,PIT,645.0,,,536,1007,392,,
,Lucas Krull,TE172,DEN,645.0,,,631,823,481,,
,Easop Winston,WR320,,645.0,,,,,645,,
,Ryan Tannehill,QB94,,645.5,,547,,,744,,
,Kaden Smith,TE173,,646.0,,,,,646,,
,James Washington,WR321,,647.0,,,,,647,,
,Dareke Young,WR322,LV,647.3,,,519,910,513,,
,Papi White,WR323,,648.0,,648,,,,,
,Haynes King,QB95,CAR,648.0,,,,971,325,,
,Sammis Reyes,TE174,,648.5,,628,,,669,,
,Henry Litwin,WR324,,649.0,,649,,,,,
,Ian Book,QB96,,649.0,,,,,649,,
,Malik Cunningham,QB97,DET,649.3,,672,659,642,624,,
,LaJohntay Wester,WR325,BAL,649.3,,,509,912,527,,
,Kylen Granson,TE175,TEN,649.3,,,587,837,524,,
,Roland Rivers,QB98,,650.0,,650,,,,,
,Teagan Quitoriano,TE176,ARI,650.0,,,608,497,845,,
,Mark Chapman,WR326,,651.0,,651,,,,,
,Jalen Cropper,WR327,NO,651.0,,,706,596,,,
,Antonio Gibson,RB189,,651.0,,,893,427,633,,
,Mitchell Trubisky,QB99,TEN,651.3,,,494,1002,458,,
,Jackson Meeks,WR328,DET,651.7,,,757,541,657,,
,William Fuller,WR329,,652.0,,652,,,,,
,Deshaun Fenwick,RB190,,652.0,,,,,652,,
,A.T. Perry,WR330,,652.5,,533,952,566,559,,
,Matt Prater,K52,,652.7,,697,877,384,,,
,Xavier Weaver,WR331,ARI,652.8,,594,694,836,487,,
,David Marvin,K53,,653.0,,653,,,,,
,Nick Williams,WR332,DEN,653.0,,,,,653,,
,Brittain Brown,RB191,CHI,653.3,,,618,738,604,,
,Ben Skowronek,WR333,PIT,653.5,,681,502,892,539,,
,Tim Jones,WR334,JAX,654.8,,633,622,786,578,,
,Landen Akers,WR335,,655.0,,655,,,,,
,Austin Appleby,QB100,,656.0,,656,,,,,
,Nikko Remigio,WR336,KC,656.0,,,511,920,537,,
,Tylan Wallace,WR337,CLE,656.0,,,586,866,516,,
,Rivaldo Fairweather,TE177,ARI,656.0,,,,468,844,,
,Connor Slomka,RB193,,657.0,,657,,,,,
,Keelan Doss,WR338,,657.5,,630,,,685,,
,Eli Pancol,WR339,IND,657.5,,,,615,700,,
,Case Cookus,QB101,,658.0,,658,,,,,
,Devin Duvernay,WR340,ARI,658.0,,,514,922,538,,
,Dillon Gabriel,QB102,CLE,658.0,,,712,945,317,,
,Roschon Johnson,RB194,CHI,658.7,,,637,928,411,,
,Kalel Mullings,RB195,TEN,658.7,,,717,759,500,,
,Randy Bullock,K54,,659.0,,659,,,,,
,Colson Yankoff,TE178,WAS,659.0,,,693,878,406,,
,Hayden Rucci,TE179,SF,659.3,,,758,479,741,,
,Golden Tate,WR341,,660.0,,660,,,,,
,Trent Sherfield,WR342,BUF,660.0,,694,527,894,525,,
,Gus Edwards,RB196,,661.0,,459,849,,675,,
,Jerome Lane,WR343,,662.0,,662,,,,,
,Tanner Morgan,QB103,,662.0,,,,,662,,
,Zach Davidson,TE180,,662.3,,439,916,,632,,
,Sal Cannella,TE181,,663.5,,443,1015,456,740,,
,Mario Williams,WR344,LAR,663.5,,,,597,730,,
,Mason Crosby,K55,,664.0,,664,,,,,
,Quincy Skinner,WR345,NYJ,664.0,,,,664,,,
,Andrew Mevis,K56,,665.0,,665,,,,,
,Bo Melton,WR346,GB,665.3,,716,441,839,,,
,Jam Miller,RB197,NE,666.3,,,778,778,443,,
,Darrell Henderson,RB198,,667.0,,624,,,710,,
,Kevin Harris,RB199,,667.0,,,,,667,,
,Laith Marjan,K57,PIT,668.0,,490,,846,,,
,Samson Nacua,WR347,,668.0,,,,,668,,
,Feleipe Franks,TE182,CAR,668.7,,,590,884,532,,
,Nikola Kalinic,TE183,CHI,668.7,,,629,463,914,,
,Jakobie Keeney-James,WR348,PIT,668.7,,,747,571,688,,
,Robbie Gould,K58,,670.0,,670,,,,,
,Jahmal Banks,WR349,,670.0,,,,,670,,
,Dalvin Cook,RB200,,671.7,,395,835,,785,,
,Albert Okwuegbunam,TE184,LV,671.7,,,565,448,1002,,
,Micah Bernard,RB201,,672.0,,,,,672,,
,Kentrel Bullock,RB202,CIN,672.5,,584,,761,,,
,Trey Sermon,RB203,ATL,672.5,,735,575,794,586,,
,Jake Browning,QB104,TB,672.7,,,340,703,975,,
,Andy Dalton,QB105,PHI,673.0,,,551,1009,459,,
,Kenyan Drake,RB204,,673.0,,,,,673,,
,Josh Johnson,QB106,CIN,673.3,,,553,1004,463,,
,Hunter Renfrow,WR350,,673.5,,599,805,397,893,,
,Mike White,QB107,,674.0,,,803,,545,,
,Josiah Deguara,TE185,SF,675.0,,,564,790,671,,
,Zavier Scott,WR351,MIN,675.3,,671,745,819,466,,
,Zane Gonzalez,K59,MIA,676.0,,,995,357,,,
,Giles Jackson,WR352,,676.0,,,,,676,,
,Donovan Edwards,RB205,MIA,677.0,,,737,766,528,,
,Jacoby Jones,WR353,WAS,677.0,,,761,593,,,
,Ross Dwelley,TE186,,678.0,,,799,,557,,
,Devon Allen,WR354,,678.5,,417,,,940,,
,Sandro Platzgummer,RB206,,679.0,,679,,,,,
,Austin Mack,WR355,,679.0,,,,,679,,
,Isaiah Neyor,WR356,GB,679.3,,492,736,649,840,,
,Mason Tipton,WR357,NO,679.7,,,516,832,691,,
,Cam Grandy,TE187,CIN,679.7,,,705,540,794,,
,Austin Wolf,WR358,,680.0,,680,,,,,
,Pete Guerriero,RB207,,680.0,,,,,680,,
,River Cracraft,WR359,WAS,680.3,,,529,711,801,,
,Le'Veon Moss,RB208,,680.5,,,,736,625,,
,Lewis Bond,WR360,HOU,681.0,,699,783,600,642,,
,Blake Whiteheart,TE188,CLE,681.3,,,665,865,514,,
,Baylor Cupp,TE189,,681.5,,361,1002,,,,
,Joshua Karty,K60,,681.5,,,976,387,,,
,Owen Wright,RB209,HOU,681.7,,,671,756,618,,
,Dae'quan Wright,TE190,CLE,682.0,,,,511,853,,
,Quez Watkins,WR361,PHI,683.0,,,566,603,880,,
,Raleigh Webb,WR362,,683.0,,,,,683,,
,Ronnie Rivers,RB210,LAR,683.7,,,628,935,488,,
,Devine Ozigbo,RB211,,684.0,,,,,684,,
,Jalin Hyatt,WR363,NYG,685.3,,,641,888,859,,353
,Gerald Holmes,RB212,,686.0,,686,,,,,
,Thyrick Pitts,WR364,,686.0,,,,,686,,
,Kenny McIntosh,RB213,,686.5,,422,944,813,567,,
,E.J. Jenkins,TE191,PHI,688.3,,,708,465,892,,
,Jake Bobo,WR365,SEA,689.7,,,664,887,518,,
,Danny Gray,WR366,PHI,690.5,,305,604,641,1212,,
,Jay Ajayi,RB214,,691.0,,691,,,,,
,Mike Harley,WR367,,691.5,,369,,,1014,,
,Samori Toure,WR368,PHI,691.7,,,615,588,872,,
,Cameron Latu,TE192,PHI,691.8,,734,642,869,522,,
,Coleman Owen,WR369,IND,692.0,,,767,617,,,
,Kaden Prather,WR370,GB,692.7,,,725,687,666,,
,Noah Rauschenberg,K61,,693.0,,693,,,,,
,Zaire Mitchell-Paden,TE193,NO,693.0,,,756,477,846,,
,Dezmon Patmon,WR371,,693.0,,,,,693,,
,Tay Martin,WR372,DET,693.3,,529,634,574,1036,,
,Zay Jones,WR373,,693.7,,,842,544,695,,
,DaMarkus Lodge,WR374,,695.0,,695,,,,,
,Gunner Olszewski,WR375,NYG,695.3,,,555,811,720,,
,Jack Sorenson,WR376,,696.0,,696,,,,,
,Eric McAlister,WR377,,696.0,,,,,696,,
,D'Ernest Johnson,RB215,,696.3,,481,882,,726,,
,Joe Milton,QB108,DAL,696.3,,,688,1010,391,,
,Cedrick Wilson,WR378,DET,696.5,,458,531,870,927,,
,Gage Larvadain,WR379,CLE,697.0,,,515,879,,,
,Cam Camper,WR380,NYJ,697.5,,,,681,714,,
,Jordan Hudson,WR381,,697.5,,,,686,709,,
,Taylen Green,QB109,CLE,697.7,,,775,949,369,,
,Terion Stewart,RB216,,698.0,,,,780,616,,
,Jaylon Moore,WR382,,698.0,,,,,698,,
,Trenton Irwin,WR383,SF,698.3,,498,559,792,944,,
,Jalen Reagor,WR384,MIA,699.0,,503,560,716,1017,,
,Mason Kinsey,WR385,TEN,699.3,,,524,893,681,,
,Donald Parham,TE194,,699.3,,,886,522,690,,
,Michael Bandy,WR386,DEN,699.7,,,522,694,883,,
,Johnny Mundt,TE195,PHI,700.3,,,487,709,905,,
,Jared Wiley,TE196,KC,700.5,,582,677,460,1083,,
,Montrell Johnson,RB217,,700.5,,,,767,634,,
,Russell Gage,WR387,,701.0,,,793,,609,,
,Michael Gallup,WR388,,701.0,,,,,701,,
,Elijah Moore,WR389,PHI,701.3,,706,576,535,988,,
,Kameron Johnson,WR390,TB,701.5,,,503,900,,,
,Cole Beck,WR391,,702.0,,702,,,,,
,Daijun Edwards,RB218,,702.0,,,,,702,,
,Ben Yurosek,TE197,MIN,702.7,,,750,835,523,,
,Paul Richardson,WR392,,703.0,,,,,703,,
,Laquon Treadwell,WR393,IND,703.3,,,484,907,719,,
,Dan Chisena,WR394,CAR,704.0,,327,571,721,1197,,
,Kalif Jackson,TE198,MIA,704.0,,704,,,,,
,Kellen Mond,QB110,,704.5,,568,,,841,,
,Cade York,K62,NYJ,704.7,,403,924,787,,,
,Jeff Wilson,RB219,,705.3,,500,817,,799,,
,Julius Chestnut,RB220,TEN,705.3,,,621,996,499,,
,Brady Russell,TE199,SEA,705.5,,627,668,937,590,,
,Will Howard,QB111,PIT,706.0,,,733,955,430,,
,Tyler Goodson,RB221,ATL,706.7,,,670,939,511,,
,Zimari Manning,WR395,,707.0,,707,,,,,
,Dalevon Campbell,WR396,LAC,707.0,,,769,645,,,
,Marcus Yarns,RB222,,707.0,,,,,707,,
,Eric Gray,RB223,NYG,707.3,,,648,831,643,,
,Kekoa Crawford,WR397,,708.0,,708,,,,,
,Anthony Firkser,TE200,,708.0,,,797,556,771,,
,Bryant Koback,RB224,,708.5,,728,,,689,,
,Bryce Oliver,WR398,TEN,708.5,,,700,717,,,
,Gary Brightwell,RB225,CIN,709.0,,314,582,749,1191,,
,Tyree Jackson,TE201,,709.0,,,879,473,775,,
,Derek Watt,RB226,,710.0,,710,,,,,
,Ke'Shawn Williams,WR399,CIN,710.5,,,513,908,,,
,Jordan Akins,TE202,,711.0,,,791,,631,,
,Hassan Hall,RB227,,711.0,,,,,711,,
,Jaxon Janke,WR400,,711.5,,374,,,1049,,
,Je'Quan Burton,WR401,,711.5,,502,,,921,,
,British Brooks,RB228,HOU,712.0,,,507,917,,,
,Armani Rogers,TE203,,712.0,,,,,712,,
,Marquise Goodwin,WR402,,712.5,,536,,,889,,
,Braxton Berrios,WR403,NYG,715.0,,518,505,874,963,,
,Tanner McLachlan,TE204,SF,715.0,,,690,504,951,,
,Rodney Smith,RB229,,715.0,,,,,715,,
,Neal Johnson,TE205,,716.0,,,,,716,,
,Vincent Testaverde,QB112,,717.0,,717,,,,,
,Russell Wilson,QB113,,717.0,,,876,729,546,,
,Stephen Anderson,TE206,,717.0,,,,,717,,
,Brandon Shippen,WR404,,718.0,,718,,,,,
,DeeJay Dallas,RB230,JAX,718.7,,,321,944,891,,
,Stephen Gostkowski,K63,,719.0,,719,,,,,
,Shedrick Jackson,WR405,LV,719.0,,,667,672,818,,
,Josh Imatorbhebhe,WR406,,721.0,,721,,,,,
,Sam Pitz,TE207,,721.0,,,,,721,,
,Sincere McCormick,RB231,SF,721.7,,,698,560,907,,
,Chris Blair,WR407,ATL,721.8,,626,672,659,930,,
,Jon Brown,K64,,722.0,,722,,,,,
,Brett Rypien,QB114,,723.0,,,815,947,407,,
,Joshua Cephus,WR408,,723.7,,,1000,627,544,,
,Frank Gore Jr.,RB232,BUF,724.0,,,707,741,,,
,Quintez Cephus,WR409,,724.0,,,,,724,,
,Brandon Allen,QB115,NYG,724.3,,,533,984,656,,
,Robbie Ouzts,TE208,SEA,724.8,,501,732,692,974,,
,Demetric Felton,RB233,,725.0,,,,,725,,
,Alexander Mattison,RB234,,725.3,,446,832,440,1183,,
,Ryan Fitzpatrick,QB116,,726.0,,726,,,,,
,Shane Buechele,QB117,BUF,726.0,,,625,965,588,,
,Jalen Milroe,QB118,SEA,726.0,,,713,1019,446,,
,Lawrence Keys,WR410,,727.0,,,,637,817,,
,Caden Prieskorn,TE209,CAR,727.5,,,,475,980,,
,Jonathan Mingo,WR411,DAL,729.0,,684,481,897,854,,
,Bobby Holly,RB235,,730.0,,730,,,,,
,Lucas Scott,RB236,BAL,730.0,,,,730,,,
,Jamaal Pritchett,WR412,NYJ,730.5,,,,618,843,,
,Bryce Perkins,QB119,,731.0,,731,,,,,
,Irvin Charles,WR413,SEA,731.0,,,662,800,,,
,Tarik Cohen,RB237,,731.0,,,,,731,,
,Treyton Welch,TE210,NO,731.7,,,751,458,986,,
,Alec Ingold,RB238,LAC,731.8,,556,433,927,1011,,
,Brennan Presley,WR414,LAR,731.8,,675,768,608,876,,
,James O'Shaughnessy,TE211,,732.0,,,,,732,,
,Dante Miller,RB239,NYG,732.5,,,691,774,,,
,KhaDarel Hodge,WR415,SF,733.0,,,538,896,765,,
,Derrick Gore,RB240,,734.0,,,,,734,,
,Cornelius Johnson,WR416,BAL,734.7,,,680,651,873,,
,Mac Dalena,WR417,BUF,735.0,,,,583,887,,
,Gerald Everett,TE212,,735.5,,,823,,648,,
,Tru Edwards,WR418,LAR,735.5,,,,646,825,,
,Jerome Cunningham,TE213,,736.0,,736,,,,,
,Lawrence Cager,TE214,WAS,736.0,,,572,506,1130,,
,Corey Kiner,RB241,ARI,736.8,,548,738,873,788,,
,Stephen Carlson,TE215,CHI,737.0,,,556,509,1146,,
,Tommy Sweeney,TE216,,738.0,,,,,738,,
,Jeshaun Jones,WR419,MIN,738.3,,,523,612,1080,,
,McCallan Castles,TE217,GB,738.5,,,,481,996,,
,Velus Jones,WR420,SEA,739.0,,714,599,904,,,
,Todd Gurley,RB242,,739.0,,739,,,,,
,Kenny Yeboah,TE218,ARI,739.3,,,592,530,1096,,
,Xavier Gipson,WR421,NYG,739.5,,526,661,940,831,,
,John Ursua,WR422,,740.0,,740,,,,,
,Deven Thompkins,WR423,LV,740.0,,,620,901,699,,
,Sterling Shepard,WR424,,740.7,,,859,386,977,,
,Chris Brown,WR425,,741.0,,741,,,,,
,Will Sheppard,WR426,GB,741.7,,444,,609,1172,,
,Sone Ntoh,RB243,,742.0,,742,,,,,
,Jerick McKinnon,RB244,,742.0,,,,,742,,
,C.J. Uzomah,TE219,,742.5,,,807,,678,,
,Jaelon Darden,WR427,,742.5,,,914,,571,,
,Cody Schrader,RB245,DEN,742.7,,,696,762,770,,
,Cooper Rush,QB120,ATL,743.0,,531,534,1012,895,,
,Jelani Woods,TE220,NYJ,743.0,,,603,503,1123,,
,Deion Hankins,RB246,,743.0,,,,743,,,
,Isaiah McKenzie,WR428,,743.0,,,,,743,,
,Anthony Tyus,RB247,CAR,743.3,,700,,733,797,,
,Dontae Fleming,WR429,MIN,743.5,,,,605,882,,
,Marcus Peterson,WR430,,744.0,,744,,,,,
,Brock Lampe,RB248,SEA,744.0,,,,744,,,
,Bub Means,WR431,NO,744.8,,632,678,442,1227,,
,Nick Vannett,TE221,SEA,745.0,,690,528,434,1328,,
,Josh Gordon,WR432,,745.0,,745,,,,,
,Trey Palmer,WR433,NO,745.0,,,655,714,866,,
,Anthony McFarland,RB249,,745.0,,,,,745,,
,Racey McMath,WR434,,745.5,,504,,,987,,
,Kai Locksley,WR435,,746.0,,746,,,,,
,Irv Smith,TE222,,746.5,,,830,,663,,
,Justin Shorter,WR436,LV,746.8,,673,645,542,1127,,
,ShunDerrick Powell,RB250,,748.0,,,,748,,,
,Aidan Robbins,RB251,,749.0,,346,,,1152,,
,Amar Johnson,RB252,LAC,749.0,,,759,739,,,
,Nelson Agholor,WR437,,749.0,,,858,,640,,
,Ben Mason,TE223,,749.0,,,,,749,,
,Tejhaun Palmer,WR438,NE,749.3,,,686,578,984,,
,Ezekiel Elliott,RB253,,749.5,,,848,,651,,
,Broc Rutter,QB121,,750.0,,750,,,,,
,Caullin Lacy,WR439,,750.5,,,,604,897,,
,Casey Washington,WR440,CAR,751.7,,,679,713,863,,
,Roman Hemby,RB254,LV,752.0,,752,,,,,
,Max Duggan,QB122,,752.0,,,950,,554,,
,Deneric Prince,RB255,,752.7,,,955,745,558,,
,Kenny Pickett,QB123,CAR,753.0,,,464,1014,781,,
,Rakim Jarrett,WR441,,753.0,,,959,,547,,
,Payton Thorne,QB124,,754.0,,,,,754,,
,Bauer Sharp,TE224,TB,755.0,,,777,449,1039,,
,Corey Clement,RB256,,755.0,,,,,755,,
,Dallen Bentley,TE225,DEN,755.3,,,784,470,1012,,
,Nakia Griffin-Stewart,TE226,,756.0,,756,,,,,
,Juwann Winfree,WR442,HOU,756.0,,,,567,945,,
,Tayvion Robinson,WR443,,756.5,,613,,,900,,
,Terrell Bynum,WR444,,756.5,,,970,,543,,
,Joshua Simon,TE227,ATL,758.0,,,,476,1040,,
,Kenny Golladay,WR445,,758.0,,,,,758,,
,Brett Maher,K65,,759.0,,759,,,,,
,Nate Carter,RB257,ATL,759.0,,,743,775,,,
,Keaontay Ingram,RB258,,759.0,,,928,752,597,,
,Anders Carlson,K66,,759.5,,578,941,,,,
,Trevon Wesco,TE228,,760.0,,737,,,783,,
,Noah Cain,RB259,,760.0,,,,,760,,
,Sean Mannion,QB125,,760.5,,715,,,806,,
,Moliki Matavao,TE229,NO,760.7,,,729,501,1052,,
,Louis Rees-Zammit,RB260,,761.0,,537,985,,,,
,Chase Cota,WR446,,761.0,,,,,761,,
,Jaret Patterson,RB261,LAC,762.0,,738,591,559,1160,,
,Richard Rodgers,TE230,,762.0,,,,,762,,
,Cordarrelle Patterson,RB262,,762.7,,545,808,,935,,
,Harrison Bryant,TE231,,763.0,,432,895,860,865,,
,Keleki Latu,TE232,BUF,763.0,,,752,482,1055,,
,Zander Horvath,RB263,,763.0,,,,,763,,
,John FitzPatrick,TE233,,763.3,,576,929,696,852,,
,Denzel Mims,WR447,DAL,764.0,,535,,655,1102,,
,Qadree Ollison,RB264,,764.0,,,,,764,,
,Ben Sauls,K67,NYG,764.3,,427,1017,849,,,
,Brandon Johnson,WR448,LV,765.0,,705,633,610,1112,,
,Jamal Haynes,RB265,,765.0,,,,765,,,
,Luke Altmyer,QB126,DET,765.0,,,,979,551,,
,John Wolford,QB127,,765.3,,430,903,959,769,,
,Brandon Smith,WR449,PIT,765.7,,,619,647,1031,,
,Nate Sudfeld,QB128,,766.0,,,,,766,,
,Peyton Hendershot,TE234,,766.5,,,934,,599,,
,Rocky Lombardi,QB129,,767.0,,,,,767,,
,Michael Wiley,RB266,,768.0,,,989,753,562,,
,Dede Westbrook,WR450,,768.0,,,,,768,,
,Patrick Taylor,RB267,SF,768.3,,683,595,719,1076,,
,Desmond Reid,RB268,,769.5,,,,732,807,,
,Teddy Bridgewater,QB130,,771.0,,,873,980,460,,
,Troy Hairston,RB269,,771.0,,,936,,606,,
,Terrace Marshall,WR451,MIA,771.3,,677,577,728,1103,,
,Jalen Virgil,WR452,,772.3,,,935,573,809,,
,Marlon Mack,RB270,,773.0,,754,,,792,,
,Joshua Kelley,RB271,,773.0,,,892,,654,,
,Clive Walford,TE235,,773.0,,,,,773,,
,Junior Bergen,WR453,,773.7,,,1012,572,737,,
,Deion Burks (Duplicate),WR454,,774.0,,,774,,,,
,Beaux Collins,WR455,NYG,774.7,,,744,872,708,,
,Malik Heath,WR456,ATL,775.0,,,960,557,808,,
,Malik Turner,WR457,SF,775.5,,723,532,602,1245,,
,Brandin Cooks,WR458,,775.7,,,868,437,1022,,
,Gabe Davis,WR459,,776.3,,,896,399,1034,,
,Phillip Lindsay,RB272,,778.0,,,,,778,,
,Allen Lazard,WR460,,778.5,,,804,,753,,
,Seth Henigan,QB131,,778.5,,,,993,564,,
,Penny Hart,WR461,,779.0,,,,,779,,
,Hendon Hooker,QB132,TEN,779.3,,,639,976,723,,
,Jalon Calhoun,WR462,,780.0,,,,,780,,
,Kristian Wilkerson,WR463,ATL,780.3,,,573,660,1108,,
,Cade Johnson,WR464,,780.5,,329,,,1232,,
,Terrell Jennings,RB273,NE,780.5,,,699,862,,,
,Montorie Foster,WR465,SEA,781.0,,,,626,936,,
,Graham Mertz,QB133,HOU,781.5,,519,720,978,909,,
,Jeff Driskel,QB134,,782.0,,,800,953,593,,
,Jordan Mims,RB274,,782.0,,,966,801,579,,
,Chris Hilton Jr.,WR466,,782.5,,,,631,934,,
,Brayden Willis,TE236,SF,783.3,,,656,890,804,,
,Duke Williams,WR467,,786.0,,,,,786,,
,Tyler Lockett,WR468,,786.7,,,855,431,1074,,
,DeAndre Carter,WR469,,787.0,,,795,930,636,,
,Drew Lock,QB135,SEA,787.5,,618,492,926,1114,,
,Geoff Swaim,TE237,,787.5,,,847,,728,,
,Jamaal Williams,RB275,,787.5,,,853,,722,,
,Josh Reynolds,WR470,,788.0,,,806,425,1133,,
,Avery Williams,RB276,,788.0,,,915,,661,,
,Michael Woods,WR471,DEN,789.7,,,930,712,727,,
,Andrew Beck,TE238,NYJ,790.0,,,482,881,1007,,
,Thomas Fidone II,TE239,NYG,790.0,,,721,446,1203,,
,Joe Reed,WR472,,791.0,,,,,791,,
,Carlos Washington,RB277,MIA,791.7,,,704,783,888,,
,Clyde Edwards-Helaire,RB278,,792.0,,,887,,697,,
,Montrell Washington,WR473,,793.0,,510,931,565,1166,,
,Tahj Washington,WR474,MIA,794.0,,,685,668,1029,,
,Chandler Brayboy,WR475,JAX,794.0,,,741,606,1035,,
,DJ Turner,WR476,,794.0,,,933,697,752,,
,Jacob Saylors,RB279,DET,794.3,,,320,941,1122,,
,Nate McCrary,RB280,,795.0,,,,,795,,
,Ronnie Bell,WR477,NO,795.7,,,653,788,946,,
,David Bell,WR478,,796.3,,587,927,,875,,
,O.J. Howard,TE240,,798.0,,,,,798,,
,Jason Huntley,RB281,,800.0,,,,,800,,
,Zach Pascal,WR479,,800.5,,,790,,811,,
,Trevor Siemian,QB136,,801.0,,,813,973,617,,
,Jermar Jefferson,RB282,MIN,801.8,,415,580,771,1441,,
,DeAndre Washington,RB283,,802.0,,,,,802,,
,Princeton Fant,TE241,DAL,802.3,,,666,498,1243,,
,Jordan Travis,QB137,,802.5,,,982,,623,,
,Thomas Odukoya,TE242,,803.0,,,994,,612,,
,Sam Howell,QB138,DAL,804.3,,,344,970,1099,,
,Jadon Janke,WR480,,805.0,,,,,805,,
,Brenden Bates,TE243,CLE,805.7,,,695,718,1004,,
,Carter Runyon,TE244,LV,806.0,,,749,863,,,
,Kaden Davis,WR481,CHI,807.3,,,701,678,1043,,
,Austin Trammell,WR482,JAX,808.8,,647,630,867,1091,,
,Trace McSorley,QB139,,810.0,,,,,810,,
,Adam Prentice,RB284,DEN,810.3,,,445,942,1044,,
,Brycen Tremayne,WR483,CAR,810.7,,,491,825,1116,,
,Brandon Powell,WR484,,811.0,,,789,,833,,
,Bailey Gaither,WR485,,812.0,,,,,812,,
,Tre Nixon,WR486,,813.0,,,,,813,,
,Kearis Jackson,WR487,,813.5,,,962,,665,,
,Jason Brownlee,WR488,KC,813.7,,,657,648,1136,,
,Ryan Griffin,TE245,,814.0,,,814,,,,
,Richie James,WR489,,814.0,,,,,814,,
,Spencer Brown,RB285,,815.0,,,,,815,,
,Jaheim Bell,TE246,PIT,816.0,,,687,550,1211,,
,Benny Snell,RB286,,816.0,,,,,816,,
,K.J. Osborn,WR490,TEN,816.7,,,567,704,1179,,
,Cole Turner,TE247,MIA,817.3,,,609,505,1338,,
,DeMeer Blankumsee,WR491,,819.0,,,,,819,,
,N'Keal Harry,WR492,,819.5,,558,,,1081,,
,Luke Lachey,TE248,,820.7,,,1011,480,971,,
,Melvin Gordon,RB287,,821.0,,,,,821,,
,Tanner Conner,TE249,NYG,821.3,,,624,722,1118,,
,Garrett Nussmeier,QB140,KC,822.0,,724,781,963,820,,
,Austin Seibert,K68,,822.0,,,822,,,,
,Jashaun Corbin,RB288,DAL,822.0,,,,773,871,,
,Taylor Elgersma,QB141,,822.0,,,,,822,,
,Keilan Robinson,RB289,,822.5,,,981,,664,,
,DJ Rogers,TE250,DAL,822.5,,,,452,1193,,
,Sam Brown,WR493,,823.0,,,,,823,,
,Roc Taylor,WR494,CAR,824.0,,,,607,1041,,
,Lee Smith,TE251,ATL,824.0,,,,,824,,
,Isaac Rex,TE252,,826.0,,,,,826,,
,Kyle Trask,QB142,CAR,826.8,,522,579,985,1221,,
,Nyheim Hines,RB290,,827.0,,,827,,,,
,Tyrie Cleveland,WR495,,828.0,,,,,828,,
,Chris Collier,RB291,LV,829.0,,,710,858,919,,
,Blake Bell,TE253,,829.0,,,,,829,,
,Tom Kennedy,WR496,DET,829.3,,514,558,871,1374,,
,Daniel Arias,WR497,,830.0,,,,,830,,
,JaMycal Hasty,RB292,NE,830.3,,,901,808,782,,
,J.J. Taylor,RB293,,830.5,,,902,,759,,
,Greg Joseph,K69,,831.0,,,831,,,,
,Chris Oladokun,QB143,KC,831.3,,,617,981,896,,
,Cam Sims,WR498,,832.0,,,,,832,,
,Mecole Hardman,WR499,BUF,833.0,,,543,706,1250,,
,Johnny Lumpkin,TE254,,834.0,,476,,,1192,,
,Cephus Johnson,WR500,,834.0,,,,,834,,
,Mitchell Wilcox,TE255,,834.5,,,919,,750,,
,Josh Kelly,WR501,HOU,835.0,,577,,569,1359,,
,Jason Bean,QB144,,835.0,,,,,835,,
,Christian Wade,RB294,,836.0,,574,,,1098,,
,Patrick Laird,RB295,,836.0,,,,,836,,
,Case Keenum,QB145,CHI,836.3,,,552,968,989,,
,Brenden Rice,WR502,,838.0,,,979,684,851,,
,Hunter Bryant,TE256,,838.0,,,,,838,,
,DJ Chark,WR503,,839.0,,,839,,,,
,Ke'Shawn Vaughn,RB296,,839.0,,,889,,789,,
,Justin Johnson,TE257,,839.0,,,,,839,,
,Travis Homer,RB297,PIT,840.3,,,544,998,979,,
,Will Dissly,TE258,,840.7,,,837,424,1261,,
,Kansei Matsuzawa,K70,LV,841.0,,,,841,,,
,Lenny Krieg,K71,,842.0,,,,842,,,
,Zack Annexstad,QB146,,842.0,,,,,842,,
,Kendall Milton,RB298,CIN,842.3,,,703,747,1077,,
,Nick Nash,WR504,WAS,842.7,,,734,592,1202,,
,Mason Shipley,K72,,843.0,,,,843,,,
,Noah Whittington,RB299,HOU,843.5,,,,781,906,,
,Ihmir Smith-Marsette,WR505,ARI,843.7,,,585,793,1153,,
,Maddux Trujillo,K73,,844.0,,,,844,,,
,Ainias Smith,WR506,,844.3,,,980,554,999,,
,Quentin Skinner,WR507,BUF,844.7,,,760,599,1175,,
,Michael Badgley,K74,,845.0,,,845,,,,
,Bryson Nesbit,TE259,MIN,845.7,,642,,466,1429,,
,Nick Bowers,TE260,,846.0,,434,,,1258,,
,Dorian Thompson-Robinson,QB147,,846.0,,,946,,746,,
,Eric Tomlinson,TE261,,847.0,,,796,,898,,
,Will Ferrin,K75,,847.0,,,,847,,,
,Jeff Smith,WR508,,847.0,,,,,847,,
,Ethan Sanchez,K76,,848.0,,,,848,,,
,Greg Bell,RB300,,848.0,,,,,848,,
,Harrison Wallace III,WR509,,848.5,,,,624,1073,,
,Deon Jackson,RB301,,849.0,,,,,849,,
,Jordan Waters,RB302,LAR,849.5,,,,758,941,,
,Paul Geelen,K77,,850.0,,,,850,,,
,Kyle McCord,QB148,GB,850.3,,,730,954,867,,
,Kene Nwangwu,RB303,NYJ,852.0,,,304,911,1341,,
,Jack Westover,TE262,NE,852.0,,,711,906,939,,
,Chris Freeman,K78,HOU,852.0,,,,852,,,
,Drew Stevens,K79,WAS,853.0,,,,853,,,
,Jesse James,TE263,,854.0,,534,,,1174,,
,Luke Drzewiecki,K80,,854.0,,,,854,,,
,Diontae Johnson,WR510,,854.3,,678,829,,1056,,
,Gabriel Plascencia,K81,,855.0,,,,855,,,
,Chris Evans,RB304,,855.0,,,,,855,,
,Trey Burton,TE264,,856.0,,,,,856,,
,Kendric Pryor,WR511,CIN,857.0,,,626,636,1309,,
,Amari Cooper,WR512,,857.0,,,857,,,,
,B.T. Potter,K82,TB,857.0,,,,857,,,
,Malcolm Brown,RB305,,857.0,,,,,857,,
,Kole Taylor,TE265,,858.0,,713,,,1003,,
,Austin Stogner,TE266,,858.0,,,,,858,,
,Dominic Lovett,WR513,DET,858.5,,634,728,654,1418,,
,Jalin Conyers,TE267,,858.5,,,,512,1205,,
,Reid Sinnett,QB149,,860.0,,,,,860,,
,Chosen Anderson,WR514,,861.0,,,861,,,,
,Austin Jones,RB306,,861.0,,,,,861,,
,Giovanni Ricci,TE268,,861.5,,,920,,803,,
,Dylan Drummond,WR515,ATL,861.7,,,673,861,1051,,
,Keith Kirkwood,WR516,,862.5,,342,,,1383,,
,SaRodorick Thompson,RB307,,864.0,,,972,,756,,
,Jacob Hollister,TE269,,864.0,,,,,864,,
,Ja'Corey Brooks,WR517,,865.3,,569,1014,680,1198,,
,Jermaine Burton,WR518,,865.5,,,974,,757,,
,Justin Tucker,K83,,867.0,,,867,,,,
,Tyler Scott,WR519,LAR,868.0,,,650,796,1158,,
,Kobe Hudson,WR520,,868.0,,,,,868,,
,Deon Cain,WR521,,869.0,,668,,,1070,,
,Cole Payton,QB150,PHI,869.0,,,782,956,,,
,Messiah Swinson,TE270,GB,869.0,,,,454,1284,,
,Kelly Akharaiyi,WR522,,869.0,,,,,869,,
,Gee Scott,TE271,,869.5,,,,670,1069,,
,Chris Conley,WR523,,870.0,,,856,,884,,
,Britain Covey,WR524,PHI,871.3,,,510,905,1199,,
,Xazavian Valladay,RB308,,871.7,,619,963,,1033,,
,Michael Burton,RB309,CLE,874.0,,,447,810,1365,,
,Dustin Hopkins,K84,,874.0,,,874,,,,
,Matt Corral,QB151,,874.0,,,,,874,,
,Stetson Bennett,QB152,LAR,875.0,,,640,957,1028,,
,Greg Zuerlein,K85,,875.0,,,875,,,,
,Chester Rogers,WR525,,877.0,,,,,877,,
,Trent Pennix,TE272,,877.5,,620,,,1135,,
,Miles Sanders,RB310,,877.7,,,825,392,1416,,
,Graham Gano,K86,,878.0,,,878,,,,
,Greg Ward,WR526,,878.0,,,,,878,,
,Evan Hull,RB311,ARI,879.0,,,646,916,1075,,
,Colton Dowell,WR527,,879.0,,,953,594,1090,,
,T.J. Luther,WR528,,879.0,,,,,879,,
,Dalen Cambre,WR529,NYG,880.0,,,748,650,1242,,
,Xavier Guillory,WR530,BAL,880.5,,,,579,1182,,
,Taylor Heinicke,QB153,,881.0,,682,802,,1159,,
,Lew Nichols,RB312,PIT,881.0,,,649,760,1234,,
,Brian Hoyer,QB154,,881.0,,,,,881,,
,Hakeem Butler,TE273,DEN,882.0,,,,676,1088,,
,Austin Ekeler,RB313,,883.0,,,846,426,1377,,
,David Martin-Robinson,TE274,TEN,883.3,,,697,827,1126,,
,Larry Rountree,RB314,,884.0,,631,,,1137,,
,Erik Ezukanma,WR531,PHI,885.0,,,605,652,1398,,
,Drew Plitt,QB155,,885.0,,,,,885,,
,Dylan Parham,TE275,,886.0,,,,,886,,
,Scotty Miller,WR532,CHI,887.0,,758,541,812,1437,,
,Kyle Philips,WR533,,887.5,,449,,,1326,,
,Jalon Daniels,QB156,TB,887.5,,,,991,784,,
,Ryan Miller,WR534,NYG,888.0,,,669,864,1131,,
,Kedon Slovis,QB157,ARI,888.0,,,755,952,957,,
,Chip Trayanum,RB315,,889.5,,,,755,1024,,
,Carson Steele,RB316,PHI,889.7,,,692,820,1157,,
,Trey Quinn,WR535,,890.0,,635,,,1145,,
,Andre Baccellia,WR536,,890.7,,,937,885,850,,
,Equanimeous St. Brown,WR537,,891.0,,,821,,961,,
,Joseph Ngata,WR538,,892.0,,,957,,827,,
,Dennis Houston,WR539,TB,892.7,,,632,671,1375,,
,John Ross,WR540,,893.0,,,1009,,777,,
,Dillon Johnson,RB317,,894.0,,,,,894,,
,Jamal Agnew,WR541,,896.5,,,787,,1006,,
,Adam Thielen,WR542,,897.0,,685,872,,1134,,
,Hassan Haskins,RB318,NE,897.0,,,601,936,1154,,
,Israel Abanikanda,RB319,DAL,899.0,,,647,772,1278,,
,Royce Freeman,RB320,,899.0,,,,,899,,
,Skylar Thompson,QB158,BAL,899.7,,,616,989,1094,,
,John Kelly,RB321,,900.5,,,816,,985,,
,Adrian Martinez,QB159,SF,900.8,,638,770,951,1244,,
,J. Michael Sturdivant,WR543,,901.0,,602,,653,1448,,
,Cole Fotheringham,TE276,,901.0,,,,,901,,
,Jack Plummer,QB160,,902.0,,,,,902,,
,Tyler Davis,TE277,,904.0,,,,,904,,
,Simi Fehoko,WR544,ARI,904.3,,,588,919,1206,,
,Sam Ehlinger,QB161,DEN,904.8,,727,589,982,1321,,
,Tanner Brown,K87,NO,905.0,,,954,856,,,
,Michael Thomas,WR545,,905.5,,749,,,1062,,
,Tucker Fisk,TE278,,906.3,,,964,840,915,,
,Kadarius Toney,WR547,,906.7,,709,910,,1101,,
,Charlie Jones,WR548,CIN,906.7,,,506,914,1300,,
,Matthew Wright,K88,,908.0,,,908,,,,
,Daylen Baldwin,WR549,,908.0,,,,,908,,
,Lucas Havrisik,K89,,909.0,,,973,845,,,
,Johnny Wilson,WR550,PHI,909.7,,,689,724,1316,,
,Jacob Eason,QB162,,911.0,,,,,911,,
,Lake McRee,TE279,PIT,911.5,,,,492,1331,,
,Austin Reed,QB163,BAL,912.3,,367,,950,1420,,
,Matt Barkley,QB164,,913.0,,,,,913,,
,Isaiah Winstead,WR551,PIT,915.5,,,,623,1208,,
,Jalen Guyton,WR552,,917.0,,554,,,1280,,
,Chase Claypool,WR553,,917.5,,748,,,1087,,
,Deonte Harty,WR554,,918.0,,,881,,955,,
,Trayveon Williams,RB322,,918.7,,,812,918,1026,,
,Parris Campbell,WR555,,921.0,,,828,698,1237,,
,Josh Johnson,RB323,,921.0,,,921,,,,
,J.P. Holtz,TE280,,922.0,,,,,922,,
,Ulysses Bentley,RB324,IND,922.7,,,764,757,1247,,
,Rashard Higgins,WR556,,923.0,,,,,923,,
,Emani Bailey,RB325,,924.0,,,,,924,,
,C.J. Ham,RB326,,924.5,,,792,,1057,,
,Myles Gaskin,RB327,,924.5,,,824,,1025,,
,Patrick Herbert,TE281,JAX,924.5,,,,493,1356,,
,Ja'Quinden Jackson,RB328,PHI,924.5,,,,754,1095,,
,Jake Fromm,QB165,,925.0,,530,,,1320,,
,Mathew Sexton,WR557,,926.0,,419,,,1433,,
,Zach Wilson,QB166,NO,927.7,,,578,1017,1188,,
,Davion Davis,WR558,,928.0,,,,,928,,
,Jordan Murray,TE282,,929.0,,,,,929,,
,John Copenhaver,TE283,,932.0,,,,,932,,
,Jason Cabinda,RB329,,933.0,,,,,933,,
,Tyrone Broden,WR559,,933.5,,,,614,1253,,
,Antoine Green,WR560,,936.0,,,947,,925,,
,Bailey Zappe,QB167,NYJ,936.3,,,612,974,1223,,
,Trent Taylor,WR561,,937.0,,,794,586,1431,,
,Jalen Wydermyer,TE284,,937.0,,,,,937,,
,Chase Edmonds,RB330,,939.0,,,838,764,1215,,
,Elijah Dotson,RB331,,939.0,,,958,,920,,
,Jalen Walthall,WR562,,939.0,,,,629,1249,,
,Tyler Boyd,WR563,,940.5,,,851,,1030,,
,Mohamed Ibrahim,RB332,,941.0,,,956,,926,,
,Christopher Dunn,K90,,942.0,,,942,,,,
,JaQuae Jackson,WR564,LAC,945.5,,,,635,1256,,
,Travis Vokolek,TE285,ARI,945.7,,,969,469,1399,,
,Myles Price,WR565,MIN,946.0,,,508,924,1406,,
,Hunter Dekkers,QB168,NO,946.0,,,,946,,,
,Jerjuan Newton,WR566,,947.0,,,,,947,,
,Daurice Fountain,WR567,,947.5,,572,,,1323,,
,Jacob Kibodi,RB333,,947.5,,,1005,,890,,
,Rahsul Faison,RB334,,948.0,,,,,948,,
,Kalen Ballage,RB335,,949.0,,689,,,1209,,
,Devin Leary,QB169,,950.0,,,983,,917,,
,Jalen Richard,RB336,LV,950.0,,,,,950,,
,Sean Clifford,QB170,CIN,952.0,,,644,983,1229,,
,Brandon Dillon,TE286,,952.0,,,,,952,,
,Easton Stick,QB171,IND,953.7,,,542,977,1342,,
,Andrew Armstrong,WR568,KC,954.0,,,,581,1327,,
,Nsimba Webster,WR569,,954.0,,,,,954,,
,Thomas Yassmin,TE287,GB,956.0,,,,519,1393,,
,Snoop Conner,RB337,,956.0,,,,,956,,
,James Proche,WR570,,957.7,,,898,875,1100,,
,Ellis Merriweather,RB338,,958.0,,,967,,949,,
,P.J. Walker,QB172,,958.0,,,,,958,,
,Joel Wilson,TE288,TEN,959.0,,,,478,1440,,
,Chase Cota,WR571,,961.0,,,961,,,,
,Lance McCutcheon,WR572,TEN,961.5,,,,669,1254,,
,Aidan O'Connell,QB173,LV,961.7,,,654,933,1298,,
,Ayir Asante,WR573,,962.0,,,,,962,,
,Lan Larison,RB339,NE,962.7,,,742,779,1367,,
,Dillon Bell,WR574,MIN,964.0,,,,663,1265,,
,Makai Polk,WR575,,964.0,,,,,964,,
,D'Onta Foreman,RB340,,964.5,,,843,,1086,,
,Deuce Vaughn,RB341,,964.7,,,939,817,1138,,
,Jha'Quan Jackson,WR576,HOU,965.0,,,683,802,1410,,
,Rodney Williams,TE289,,965.0,,,965,,,,
,Nathaniel Peat,RB342,,965.0,,,,,965,,
,Kurtis Rourke,QB174,SF,965.3,,,722,967,1207,,
,Jesper Horsted,TE290,,966.0,,,,,966,,
,Mark Redman,TE291,LAR,967.0,,,,508,1426,,
,Taiwan Jones,RB343,,967.0,,,,,967,,
,Desmond Ridder,QB175,,967.7,,,925,1000,978,,
,Trishton Jackson,WR577,,968.0,,,904,,1032,,
,Henry Pearson,RB344,,968.0,,,968,,,,
,Lorenzo Lingard,RB345,,968.0,,,,,968,,
,Ja'Lynn Polk,WR578,,968.3,,,975,710,1220,,
,Justyn Ross,WR579,,968.5,,,932,,1005,,
,Robert Henry Jr.,RB346,WAS,968.5,,,,776,1161,,
,Ricky Seals-Jones,TE292,,969.0,,,,,969,,
,DJ Uiagalelei,QB176,LAC,972.0,,,,972,,,
,Corey Davis,WR580,,973.0,,,,,973,,
,Da'Quan Felton,WR581,NYJ,975.0,,,,683,1267,,
,Sam Pinckney,WR582,,976.0,,,,,976,,
,Reggie Gilliam,RB347,NE,977.3,,,493,997,1442,,
,Collin Johnson,WR583,,978.5,,,897,,1060,,
,DeWayne McBride,RB348,,980.0,,,951,,1009,,
,Bernhard Seikovits,TE293,,981.0,,,,,981,,
,Nathan Peterman,QB177,,982.0,,,,992,972,,
,Randall Cobb,WR584,,982.0,,,,,982,,
,Michael Ezeike,TE294,,983.0,,,,,983,,
,Jabari Small,RB349,DET,983.5,,,,734,1233,,
,Allen Robinson,WR585,,985.5,,,864,,1107,,
,Jamari Thrash,WR586,CLE,985.7,,,681,859,1417,,
,Robert Woods,WR587,,987.5,,,870,,1105,,
,Max Brosmer,QB178,MIN,989.0,,,754,1013,1200,,
,CJ Donaldson,RB350,NO,989.5,,,,785,1194,,
,Brady Cook,QB179,NYJ,989.7,,,746,995,1228,,
,Dai'Jean Dixon,WR588,,990.0,,,,,990,,
,Dayton Wade,WR589,BAL,990.5,,,,673,1308,,
,Cody Thompson,WR590,,991.0,,,923,,1059,,
,Tarik Black,WR591,DET,991.0,,,,665,1317,,
,Dax Milne,WR592,,991.0,,,,,991,,
,Brayden Narveson,K91,,993.0,,,993,,,,
,Jesse Matthews,WR593,,993.0,,,,,993,,
,Connor Bazelak,QB180,TB,994.0,,,,994,,,
,David Wells,TE295,,994.0,,,,,994,,
,Hal Presley,WR594,,994.5,,,,598,1391,,
,Steven Sims,WR595,,995.0,,,880,,1110,,
,Cornell Powell,WR596,PIT,995.0,,,,587,1403,,
,Tyrion Davis-Price,RB351,,995.5,,,926,,1065,,
,Elijah Mitchell,RB352,,996.3,,,913,782,1294,,
,Mike Williams,WR597,,996.5,,,850,,1143,,
,Parker Romo,K92,,997.0,,,997,,,,
,Seth Williams,WR598,,997.0,,,,,997,,
,Cam Miller,QB181,MIA,997.3,,,723,990,1279,,
,La'Michael Pettway,TE296,,998.0,,,,,998,,
,Alex Erickson,WR599,,999.5,,,798,,1201,,
,Chris Pierce,TE297,,1000.0,,,,,1000,,
,Jaylen Johnson,WR600,,1001.0,,,1001,,,,
,Michael Jacobson,TE298,,1001.0,,,,,1001,,
,Jake Haener,QB182,,1001.5,,757,945,1003,1301,,
,Bryce Ford-Wheaton,WR601,,1002.3,,,990,799,1218,,
,John Stephens,TE299,,1005.0,,,987,,1023,,
,Jermaine Jackson,WR602,,1006.0,,,1006,,,,
,Jude McAtamney,K93,,1007.0,,,1007,,,,
,JP Richardson,WR603,CHI,1007.0,,,,576,1438,,
,Clayton Tune,QB183,,1007.7,,,949,1006,1068,,
,Freddie Swain,WR604,,1008.0,,,,701,1315,,
,Dymere Miller,WR605,,1008.0,,,,,1008,,
,Caden Davis,K94,,1013.0,,,1013,,,,
,Zach Gentry,TE300,,1013.0,,,,,1013,,
,Blake Watson,RB353,,1014.7,,,986,768,1290,,
,Erik Krommenhoek,TE301,,1015.0,,,,,1015,,
,Philip Rivers,QB184,,1016.0,,,1016,,,,
,Stanley Morgan,WR606,,1016.0,,,,,1016,,
,Byron Pringle,WR607,,1016.5,,703,,,1330,,
,Raheem Mostert,RB354,,1019.0,,,819,868,1370,,
,Andre Roberts,WR608,,1019.0,,,,,1019,,
,Stevo Klotz,TE302,,1021.0,,,,,1021,,
,Jordan Matthews,TE303,,1022.0,,,820,,1224,,
,Anthony Brown,QB185,,1022.0,,,938,,1106,,
,Luke Grimm,WR609,LAC,1026.0,,,,679,1373,,
,Jacolby George,WR610,,1027.0,,,,,1027,,
,Rashaad Penny,RB355,,1031.5,,654,,,1409,,
,TJ Harden,RB356,,1032.5,,,,763,1302,,
,Parker Hesse,TE304,,1033.0,,,918,,1148,,
,Jaren Hall,QB186,,1033.5,,,948,,1119,,
,Sam Hartman,QB187,WAS,1036.0,,,,948,1124,,
,Daewood Davis,WR611,,1037.0,,,,,1037,,
,Sage Surratt,TE305,,1038.0,,,,,1038,,
,Isaiah Wooden,WR612,,1038.5,,,,677,1400,,
,Dontrell Hilliard,RB357,,1045.0,,,,,1045,,
,Anthony Miller,WR613,,1046.0,,,1003,,1089,,
,Keilahn Harris,WR614,,1046.0,,,,,1046,,
,Blake Jarwin,TE306,,1047.0,,,,,1047,,
,Xavier Grimble,TE307,,1048.0,,,,,1048,,
,Matt Breida,RB358,,1050.0,,,,,1050,,
,Kelvin Harmon,WR615,,1053.0,,,,,1053,,
,Austin Allen,TE308,,1054.0,,,,,1054,,
,Will Grier,QB188,,1057.5,,,,975,1140,,
,Jimmy Garoppolo,QB189,,1058.3,,,869,1018,1288,,
,Johnny Johnson,WR616,,1061.0,,,,,1061,,
,Mark Gronowski,QB190,,1062.5,,,,962,1163,,
,Josh Ali,WR617,,1063.0,,,,,1063,,
,Troy Fumagalli,TE309,,1066.0,,,,,1066,,
,Dee Eskridge,WR618,,1066.7,,,911,903,1386,,
,Zach Evans,RB359,,1067.5,,,940,,1195,,
,Khalan Laborn,RB360,,1071.0,,,,,1071,,
,Alfonzo Graham,RB361,,1072.0,,,,,1072,,
,Tony Jones,RB362,,1073.0,,,906,,1240,,
,Hayden Hurst,TE310,,1074.0,,,826,,1322,,
,MyCole Pruitt,TE311,,1075.0,,,801,,1349,,
,Ramel Keyton,WR619,,1077.5,,,991,,1164,,
,Lynn Bowden,WR620,,1078.0,,,,,1078,,
,Eric Ebron,TE312,PIT,1079.0,,,,,1079,,
,Marquez Callaway,WR621,,1081.5,,,900,,1263,,
,Griffin Hebert,TE313,,1082.0,,,,,1082,,
,Tony Brown,WR622,,1083.0,,,907,,1259,,
,John Samuel Shenker,TE314,,1083.0,,,1004,,1162,,
,Slade Bolden,WR623,,1084.0,,,,,1084,,
,Jakob Johnson,RB363,,1084.5,,,884,,1285,,
,Brian Hill,RB364,,1085.0,,,,,1085,,
,Dez Fitzpatrick,WR624,,1086.0,,,912,,1260,,
,Ahmani Marshall,RB365,CLE,1086.5,,,,784,1389,,
,Grant DuBose,WR625,,1089.5,,,943,,1236,,
,Aaron Shampklin,RB366,,1090.0,,,996,,1184,,
,Tim Boyle,QB191,,1092.0,,,818,,1366,,
,C.J. Beathard,QB192,,1093.0,,,,,1093,,
,Kirk Merritt,WR626,,1094.5,,761,,,1428,,
,Izaiah Gathings,TE315,,1097.0,,,,,1097,,
,Sawyer Robertson,QB193,,1100.5,,,,987,1214,,
,Laviska Shenault,WR627,,1104.0,,,894,,1314,,
,Keith Smith,RB367,,1104.0,,,,,1104,,
,D.J. Williams,RB368,,1107.5,,,999,,1216,,
,Jamison Crowder,WR628,,1110.5,,,860,,1361,,
,Austin Watkins,WR629,,1111.0,,,,,1111,,
,Alex Bachman,WR630,,1111.7,,,998,925,1412,,
,Craig Reynolds,RB369,,1112.5,,,885,,1340,,
,Zack Moss,RB370,,1112.5,,,890,,1335,,
,Nathan Rourke,QB194,,1113.0,,,971,,1255,,
,Shi Smith,WR631,,1113.0,,,,,1113,,
,Darrynton Evans,RB371,,1113.5,,,891,,1336,,
,Ty Montgomery,RB372,,1115.0,,,,,1115,,
,Cam Akers,RB373,,1115.5,,,888,,1343,,
,Darrel Williams,RB374,,1117.0,,,,,1117,,
,Dresser Winn,QB195,,1120.0,,,,,1120,,
,Tyler Kroft,TE316,,1121.0,,,,,1121,,
,Mike Boone,RB375,,1122.5,,,840,,1405,,
,Kevin Rader,TE317,,1125.0,,,,,1125,,
,Jody Fortson,TE318,,1128.0,,,917,,1339,,
,Jaydon Mickens,WR632,,1128.0,,,,,1128,,
,Jonathan Ward,RB376,,1130.0,,,905,,1355,,
,Diego Pavia,QB196,,1131.0,,,,986,1276,,
,Matt Bushman,TE319,,1132.0,,,,,1132,,
,Tyreik McAllister,RB377,,1137.5,,,992,,1283,,
,Jake Luton,QB197,,1139.0,,,,,1139,,
,Trinity Benson,WR633,,1141.0,,,,,1141,,
,Khari Blasingame,RB378,,1142.0,,,883,,1401,,
,C.J. Saunders,WR634,,1142.0,,,,,1142,,
,Marcell Ateman,WR635,,1147.0,,,,,1147,,
,Latavius Murray,RB379,,1151.0,,,,,1151,,
,Javon Baker,WR636,,1151.5,,,978,,1325,,
,Tre' McKitty,TE320,,1156.0,,,,,1156,,
,Stephen Sullivan,TE321,,1157.0,,,899,,1415,,
,Dominique Dafney,TE322,,1165.0,,,,,1165,,
,Kevin White,WR637,,1167.0,,,,,1167,,
,Alex Armah,RB380,,1168.0,,,,,1168,,
,Kahale Warring,TE323,,1169.0,,,,,1169,,
,Carter Bradley,QB198,JAX,1169.5,,,,961,1378,,
,Brandon Bolden,RB381,,1170.0,,,,,1170,,
,Gavin Hardison,QB199,,1171.0,,,,,1171,,
,Josh Doctson,WR638,,1173.0,,,,,1173,,
,Miles Boykin,WR639,,1176.0,,,,,1176,,
,Logan Woodside,QB200,,1177.0,,,,,1177,,
,Michael Pratt,QB201,,1178.0,,,984,,1372,,
,Tanner Mordecai,QB202,,1178.0,,,,,1178,,
,Jase McClellan,RB382,,1179.0,,,977,,1381,,
,Isaiah Spiller,RB383,,1180.0,,,,,1180,,
,Kwamie Lassiter,WR640,,1181.0,,,,,1181,,
,Cole Beasley,WR641,,1185.0,,,,,1185,,
,Blaine Gabbert,QB203,,1186.0,,,,,1186,,
,Miller Forristall,TE324,,1187.0,,,,,1187,,
,Frank Darby,WR642,,1189.0,,,,,1189,,
,Terique Owens,WR643,,1196.0,,,,,1196,,
,Jacob Harris,WR644,,1204.0,,,,,1204,,
,Quali Conley,RB384,,1210.0,,,,,1210,,
,Jake Kumerow,WR645,,1213.0,,,,,1213,,
,Tommy Mellott,QB204,,1215.5,,,1010,,1421,,
,Dallin Holker,TE325,,1216.5,,,988,,1445,,
,Ryan Jones,TE326,,1219.0,,,,,1219,,
,Brevin Easton,WR646,,1222.0,,,,,1222,,
,Silas Bolden,WR647,,1226.0,,,,,1226,,
,Derek Wright,WR648,,1231.0,,,,,1231,,
,Sam Wiglusz,WR649,,1235.0,,,,,1235,,
,Malik Flowers,WR650,,1238.0,,,,,1238,,
,Nate Noel,RB385,,1239.0,,,,,1239,,
,La'Mical Perine,RB386,,1241.0,,,,,1241,,
,Isaiah Ford,WR651,,1248.0,,,,,1248,,
,Dalton Keene,TE327,,1251.0,,,,,1251,,
,Tommy Hudson,TE328,,1252.0,,,,,1252,,
,Jack Doyle,TE329,IND,1257.0,,,,,1257,,
,Julio Jones,WR652,,1264.0,,,,,1264,,
,Tanner Taula,TE330,,1266.0,,,,,1266,,
,Isaiah Washington,WR653,,1268.0,,,,,1268,,
,Damien Williams,RB387,,1269.0,,,,,1269,,
,Hayden Hatten,WR654,,1270.0,,,,,1270,,
,Jordan Wilkins,RB388,,1271.0,,,,,1271,,
,Mason Fairchild,TE331,,1272.0,,,,,1272,,
,Darrell Daniels,TE332,,1273.0,,,,,1273,,
,Ethan Garbers,QB205,,1274.0,,,,,1274,,
,Malcolm Perry,WR655,,1277.0,,,,,1277,,
,E.J. Perry,QB206,,1281.0,,,,,1281,,
,Jack Colletto,RB389,,1282.0,,,,,1282,,
,Dorian Singer,WR656,,1286.0,,,,,1286,,
,DeVante Parker,WR657,,1287.0,,,,,1287,,
,Donovan Peoples-Jones,WR658,,1289.0,,,,,1289,,
,Elijah Collins,RB390,,1292.0,,,,,1292,,
,Robert Burns,RB391,CHI,1293.0,,,,,1293,,
,Matt Sokol,TE333,,1295.0,,,,,1295,,
,Godwin Igwebuike,RB392,,1296.0,,,,,1296,,
,Ethan Fernea,WR659,,1297.0,,,,,1297,,
,Pharoh Cooper,WR660,,1299.0,,,,,1299,,
,Matthew Slater,WR661,,1303.0,,,,,1303,,
,Eno Benjamin,RB393,,1304.0,,,,,1304,,
,Cody Latimer,WR662,,1305.0,,,,,1305,,
,Trestan Ebner,RB394,,1307.0,,,,,1307,,
,Braylon Sanders,WR663,,1310.0,,,,,1310,,
,Jacob Warren,TE334,,1311.0,,,,,1311,,
,Jaden Shirden,RB395,,1312.0,,,,,1312,,
,Luke Stocker,TE335,,1313.0,,,,,1313,,
,Sammy Watkins,WR664,,1318.0,,,,,1318,,
,Leonard Fournette,RB396,,1319.0,,,,,1319,,
,Rodney Adams,WR665,,1324.0,,,,,1324,,
,Logan Thomas,TE336,,1329.0,,,,,1329,,
,Jalen Camp,WR666,,1332.0,,,,,1332,,
,Andy Isabella,WR667,,1334.0,,,,,1334,,
,David Durden,WR668,,1337.0,,,,,1337,,
,Marcus Rosemy-Jacksaint,WR669,,1345.0,,,,,1345,,
,Sean Ryan,WR670,,1347.0,,,,,1347,,
,Ra'Shaun Henry,WR671,,1348.0,,,,,1348,,
,Frank Gore,RB397,,1350.0,,,,,1350,,
,Rashod Owens,WR672,,1352.0,,,,,1352,,
,Duke Johnson,RB398,,1353.0,,,,,1353,,
,Cole Payton,QB207,,1354.0,,,,,1354,,
,Drake Stoops,WR673,,1357.0,,,,,1357,,
,Ty'Son Williams,RB399,,1358.0,,,,,1358,,
,Willie Snead,WR674,,1360.0,,,,,1360,,
,Devin Asiasi,TE337,,1362.0,,,,,1362,,
,Ricky Person,RB400,,1363.0,,,,,1363,,
,Malik Knowles,WR675,,1364.0,,,,,1364,,
,Pooka Williams,RB401,,1368.0,,,,,1368,,
,Kazmeir Allen,WR676,,1369.0,,,,,1369,,
,Chris Herndon,TE338,,1371.0,,,,,1371,,
,Amari Rodgers,WR677,,1376.0,,,,,1376,,
,Tulu Griffin,WR678,,1379.0,,,,,1379,,
,Jarvis Landry,WR679,,1380.0,,,,,1380,,
,Jacob Copeland,WR680,,1382.0,,,,,1382,,
,Jamoi Mayes,WR681,,1384.0,,,,,1384,,
,Charleston Rambo,WR682,,1385.0,,,,,1385,,
,Dontay Demus,WR683,,1387.0,,,,,1387,,
,Emory Jones,QB208,,1388.0,,,,,1388,,
,Brycen Hopkins,TE339,,1390.0,,,,,1390,,
,Jalen White,RB402,,1392.0,,,,,1392,,
,Malik Taylor,WR684,,1394.0,,,,,1394,,
,Damien Harris,RB403,,1395.0,,,,,1395,,
,Tre'Shaun Harrison,WR685,,1397.0,,,,,1397,,
,Jalen Wayne,WR686,,1402.0,,,,,1402,,
,Jaray Jenkins,WR687,,1407.0,,,,,1407,,
,Monaray Baldwin,WR688,,1408.0,,,,,1408,,
,Curtis Hodges,TE340,,1411.0,,,,,1411,,
,Josh Pederson,TE341,,1413.0,,,,,1413,,
,Tre'Quan Smith,WR689,,1419.0,,,,,1419,,
,Tyler Kahmann,WR690,,1427.0,,,,,1427,,
,Noah Togiai,TE342,,1430.0,,,,,1430,,
,Dwayne Washington,RB404,,1432.0,,,,,1432,,
,Marvin Hall,WR691,,1434.0,,,,,1434,,
,Landon Parker,WR692,,1435.0,,,,,1435,,
,Anthony Schwartz,WR693,,1436.0,,,,,1436,,
,Robert Lewis,WR694,,1439.0,,,,,1439,,
,Adam Shaheen,TE343,,1443.0,,,,,1443,,
,Trey Knox,TE344,,1444.0,,,,,1444,,
,Deontay Burnett,WR695,,1446.0,,,,,1446,,
