Name,Team,Position,Expert Rank
Seattle Seahawks,SEA,DEF,0.00
Los Angeles Rams,LAR,DEF,0.00
Los Angeles Chargers,LAC,DEF,0.00
Houston Texans,HOU,DEF,0.00
Philadelphia Eagles,PHI,DEF,0.00
Denver Broncos,DEN,DEF,0.00
Jacksonville Jaguars,JAX,DEF,0.00
Chicago Bears,CHI,DEF,0.00
Baltimore Ravens,BAL,DEF,0.00
New England Patriots,NE,DEF,0.00
Pittsburgh Steelers,PIT,DEF,0.00
Green Bay Packers,GB,DEF,0.00
Minnesota Vikings,MIN,DEF,0.00
Kansas City Chiefs,KC,DEF,0.00
Detroit Lions,DET,DEF,0.00
Atlanta Falcons,ATL,DEF,0.00
Cleveland Browns,CLE,DEF,0.00
Buffalo Bills,BUF,DEF,0.00
New York Giants,NYG,DEF,0.00
Tampa Bay Buccaneers,TB,DEF,0.00
Carolina Panthers,CAR,DEF,0.00
Las Vegas Raiders,LV,DEF,0.00
Dallas Cowboys,DAL,DEF,0.00
New Orleans Saints,NO,DEF,0.00
Tennessee Titans,TEN,DEF,0.00
San Francisco 49ers,SF,DEF,0.00
New York Jets,NYJ,DEF,0.00
Indianapolis Colts,IND,DEF,0.00
Miami Dolphins,MIA,DEF,0.00
Cincinnati Bengals,CIN,DEF,0.00
Washington Commanders,WAS,DEF,0.00
Arizona Cardinals,ARI,DEF,0.00